True Value,No.,Si,Ti,Al,Cr,Fe,Ca,Mg,Mn,Na,H2O (ppm)*,Predict_SVC,pro_SVC,predict_pro_SVC
0,1970,5.9393939389999995,0.847457627,5.285714286,0.166666667,7.391304347999999,5.918367347,4.0731707319999995,3.5,1.042944785,144.680804,1.0,0.8471212723275593,1
0,1971,5.696969697,1.271186441,4.785714286,0.833333333,4.608695652,7.408163265,4.658536585,2.0,0.858895706,132.7659002,1.0,0.9601936204324725,1
0,1972,5.242424242,1.0169491529999999,6.166666667,1.0,4.47826087,6.408163265,4.6829268289999995,2.0,0.9815950920000001,160.6808176,1.0,0.9862403739258832,1
0,1973,5.151515152,1.0169491529999999,6.142857143,1.0,4.608695652,6.530612245,4.536585366000001,3.5,1.042944785,140.0850554,1.0,0.8903881474815752,1
0,1974,5.090909091,1.0169491529999999,6.023809524,0.833333333,4.2173913039999995,6.755102041000001,4.853658537,2.5,0.858895706,165.7872049,1.0,0.9939110664276668,1
0,1975,5.181818182,1.0169491529999999,6.142857143,1.0,4.304347826,6.693877551,4.512195122,2.5,0.9815950920000001,154.7233657,1.0,0.9660838705177159,1
0,1976,7.454545455,0.762711864,2.857142857,0.0,7.739130435,5.755102041000001,5.414634146,4.0,1.104294479,92.59565328,1.0,0.7978856981094558,1
0,1977,7.545454545,0.762711864,2.80952381,0.0,7.826086957,5.7959183670000005,5.170731707,4.0,1.042944785,92.9360791,1.0,0.862344603156336,1
0,1978,6.2121212120000004,1.949152542,4.285714286,0.833333333,4.739130435,6.632653061,5.024390244,2.5,1.104294479,46.12752862,-100.0,0.5217620657927262,1
0,1979,8.151515152,1.355932203,2.857142857,0.5,4.391304348,7.12244898,4.0975609760000005,3.0,1.042944785,50.21263848,1.0,0.9919676501004734,1
0,1980,7.96969697,1.271186441,2.857142857,0.5,4.173913043,6.734693878,5.0975609760000005,2.5,0.858895706,34.7232636,1.0,0.912821820425969,1
0,1981,4.848484848,1.101694915,6.071428571,0.666666667,5.0869565219999995,6.693877551,4.780487805,2.0,0.9815950920000001,149.6169784,1.0,0.9049823379784186,1
0,1982,4.848484848,1.0169491529999999,6.261904762,0.833333333,6.304347826,6.551020407999999,3.902439024,3.5,1.042944785,200.0,1.0,0.999999770247572,1
0,1983,7.666666667,0.93220339,2.142857143,0.0,7.913043478,5.734693878,6.0975609760000005,4.0,0.6748466259999999,33.87219904,-100.0,0.7284007695053619,1
0,1984,7.696969697,1.0169491529999999,2.404761905,0.0,8.304347826,5.4897959179999996,5.634146341,4.5,0.552147239,39.31901218,-100.0,0.7396223210460797,1
0,1985,6.9393939389999995,0.423728814,3.595238095,1.166666667,4.0869565219999995,5.87755102,7.073170732,2.5,0.613496933,73.02116852,-100.0,0.2856181876449969,-100
0,1986,6.96969697,0.423728814,3.619047619,1.333333333,4.0,6.040816327000001,6.87804878,1.5,0.36809816,69.61691032,-100.0,0.534689097023209,1
0,1987,6.242424242,0.423728814,4.404761905,1.0,3.739130435,6.428571429,6.43902439,1.0,1.165644172,103.4892796,1.0,0.8585755215379121,1
0,1988,6.242424242,0.423728814,4.6428571430000005,1.166666667,3.956521739,6.306122449,6.170731707000001,1.0,0.7975460120000001,106.72332490000001,1.0,0.929804449273857,1
0,1989,6.272727272999999,0.423728814,4.7380952380000005,1.166666667,3.956521739,6.142857143,6.195121951,0.5,1.042944785,106.72332490000001,1.0,0.9437923729663226,1
0,1990,6.424242424,0.508474576,4.5,1.0,4.043478261000001,6.142857143,6.268292682999999,1.0,0.920245399,104.3403441,1.0,0.9037597829980608,1
0,1991,6.393939393999999,0.508474576,4.380952381,1.0,3.869565217,6.265306122,6.365853659,1.5,0.920245399,88.1701176,-100.0,0.38365387435885734,-100
0,1992,6.454545455,0.33898305100000004,4.2619047619999995,1.0,4.0,6.285714286,6.43902439,2.0,0.920245399,99.40416970000001,-100.0,0.6940586842389688,1
0,1993,6.454545455,0.423728814,4.3571428569999995,1.0,3.6956521739999997,6.448979592000001,6.268292682999999,2.0,0.736196319,91.4041629,-100.0,0.4140193245199541,-100
0,1994,5.181818182,0.93220339,6.476190476,0.166666667,6.2173913039999995,6.469387755,3.341463415,3.0,1.165644172,168.8510373,1.0,0.993640608809875,1
0,1995,4.666666667,0.93220339,6.785714286,0.166666667,6.086956522,6.571428571,3.7317073169999997,2.0,1.288343558,179.9148765,1.0,0.9999955746625319,1
0,1996,4.272727273,1.101694915,6.928571429,0.166666667,6.565217391,6.571428571,3.8048780489999996,2.5,1.104294479,180.7659411,1.0,0.9999952004024347,1
0,1997,5.303030303,0.847457627,6.142857143,0.166666667,6.043478261000001,6.367346939,4.048780488,2.5,1.042944785,134.8084552,1.0,0.8556986742909287,1
0,1998,5.393939393999999,1.0169491529999999,5.785714286,0.166666667,5.608695652000001,6.4897959179999996,4.341463415,3.5,0.9815950920000001,158.8084756,1.0,0.9689223717185734,1
0,1999,5.454545455,1.0169491529999999,5.761904762,0.166666667,5.956521738999999,6.693877551,3.926829268,3.0,0.7975460120000001,90.55309834,-100.0,0.4048288843803056,-100
0,2000,5.303030303,1.0169491529999999,6.047619048,0.166666667,5.608695652000001,6.1836734689999995,4.56097561,2.5,0.6748466259999999,148.7659138,1.0,0.8812557834478626,1
0,2001,6.515151515,0.762711864,4.714285714,2.166666667,3.869565217,6.551020407999999,4.975609756,2.0,0.736196319,94.12756948,1.0,0.925846971326193,1
0,2002,7.090909091,2.033898305,2.5,0.166666667,6.565217391,6.163265306,5.975609756,3.0,1.104294479,46.46795444,1.0,0.8078172201193267,1
0,2003,5.878787879,1.694915254,3.857142857,0.666666667,4.739130435,7.346938776,5.585365854,2.5,1.042944785,54.63817416,-100.0,0.11837165561774966,-100
0,2004,8.787878787999999,0.93220339,1.214285714,0.166666667,7.6521739129999995,6.12244898,4.975609756,6.0,1.9631901840000001,37.9573089,1.0,0.9293912961946114,1
0,2005,8.666666667000001,1.0169491529999999,1.2380952379999999,0.166666667,7.304347826,6.163265306,5.365853659,5.5,1.472392638,33.02113448,1.0,0.8492317944566845,1
0,2006,6.121212121,1.86440678,3.952380952,1.0,4.695652174,7.346938776,5.0,2.5,0.858895706,47.99987064,-100.0,0.3377265681861428,-100
0,2007,6.424242424,1.6101694919999998,3.928571429,0.833333333,4.2173913039999995,7.224489796,5.12195122,3.0,0.736196319,34.8934765,-100.0,0.2576124992173537,-100
0,2008,8.060606061,1.0169491529999999,2.30952381,1.0,3.826086957,6.653061224,6.195121951,2.0,0.6748466259999999,46.80838026,1.0,0.9339207840891025,1
0,2009,7.757575758,1.0169491529999999,2.30952381,0.666666667,3.47826087,7.020408163,6.43902439,2.5,0.6748466259999999,43.91476078,-100.0,0.5913058385679982,1
0,2010,8.515151515,1.1864406779999999,1.5,0.166666667,7.826086957,5.714285714,5.341463415,6.5,1.288343558,25.53176642,-100.0,0.4730279977074089,-100
0,2011,7.0606060610000005,1.355932203,3.380952381,0.166666667,7.0,6.1836734689999995,4.804878049,3.5,0.9815950920000001,73.53180726,1.0,0.9082025148853263,1
0,2012,6.393939393999999,1.1864406779999999,3.69047619,4.333333333,2.260869565,7.408163265,5.9024390239999995,1.5,0.6748466259999999,82.55309154,1.0,0.8748547573878791,1
0,2013,8.181818182,0.762711864,2.214285714,2.833333333,1.3043478259999999,7.551020407999999,6.292682927,1.5,0.49079754600000003,68.76584576,1.0,0.9862194217824914,1
0,2014,7.818181817999999,1.1864406779999999,2.666666667,0.666666667,3.47826087,6.653061224,6.195121951,2.5,0.613496933,61.78711642,1.0,0.8998456118127656,1
0,2015,5.484848485,2.033898305,4.928571429,2.0,3.739130435,7.306122449,4.756097561,1.5,0.920245399,63.48924552,-100.0,0.6168947134492438,1
0,2016,6.727272727000001,1.1864406779999999,3.5,4.5,1.8260869569999998,7.857142857,5.3170731710000005,1.5,0.6748466259999999,77.78713004,1.0,0.9680556442223814,1
0,2017,6.090909091,1.694915254,4.119047619,1.333333333,4.173913043,7.428571429,4.9268292680000005,1.5,0.9815950920000001,83.74458192,-100.0,0.7548704449604743,1
0,2018,5.96969697,1.440677966,4.071428571,3.333333333,2.826086957,7.897959183999999,5.268292683,1.5,0.36809816,85.44671102,-100.0,0.7536762239074117,1
0,2019,5.909090909,1.440677966,4.928571429,1.6666666669999999,2.739130435,7.775510204,4.512195122,1.5,0.6748466259999999,16.51048214,-100.0,0.3514328861365192,-100
0,2020,5.818181817999999,1.86440678,4.333333333,1.166666667,6.608695652000001,6.775510204,4.341463415,3.0,0.9815950920000001,9.02111406,-100.0,0.10980759470827035,-100
0,2021,5.9393939389999995,1.6101694919999998,4.80952381,3.333333333,4.695652174,7.428571429,3.43902439,2.0,0.920245399,14.80835303,-100.0,0.35067750149350146,-100
0,2022,6.696969697,1.0169491529999999,4.095238095,1.166666667,2.869565217,7.612244897999999,4.975609756,2.5,0.7975460120000001,12.42537228,-100.0,0.13213003093094794,-100
0,2023,6.484848485,0.93220339,3.857142857,1.0,3.5652173910000005,7.530612245,5.4878048779999995,2.5,0.552147239,12.7657981,-100.0,0.22841872096586863,-100
0,2024,6.3636363639999995,1.1864406779999999,4.166666667,0.5,6.47826087,7.06122449,3.9756097560000003,3.5,0.552147239,10.89345608,-100.0,0.042424721977284856,-100
0,2025,5.0,1.6101694919999998,5.880952381,2.833333333,3.086956522,7.755102041000001,3.9512195119999998,2.5,0.552147239,20.25516618,-100.0,0.17017712372123006,-100
0,2026,3.666666667,2.457627119,7.142857143,3.0,4.391304348,7.693877551,3.0243902439999997,2.0,0.49079754600000003,19.91474035,-100.0,0.3635852226771408,-100
0,2027,7.0,0.847457627,3.5,0.333333333,4.391304348,7.081632653,5.5121951220000005,1.0,0.613496933,115.7446091,1.0,0.9911947462574755,1
0,2028,5.909090909,1.101694915,4.476190476,0.166666667,5.173913043,7.12244898,5.195121951,1.0,0.429447853,94.4679953,-100.0,0.5207995956290482,1
0,2029,6.7878787879999996,0.847457627,3.452380952,0.166666667,4.826086957,7.06122449,5.756097561,1.0,0.613496933,99.40416970000001,1.0,0.8573789898679287,1
0,2030,7.666666667,0.508474576,3.023809524,0.333333333,5.173913043,6.387755102000001,5.731707317000001,1.5,0.552147239,103.1488537,1.0,0.9744764386838103,1
0,2031,6.848484847999999,0.93220339,3.476190476,0.166666667,4.7826086960000005,6.734693878,6.024390244,1.5,0.552147239,96.34033732,-100.0,0.7201546141750932,1
0,2032,6.848484847999999,0.847457627,3.523809524,0.166666667,5.043478261000001,6.775510204,5.829268292999999,1.5,0.36809816,95.48927276,-100.0,0.7147515645736171,1
0,2033,8.151515152,0.254237288,1.6666666669999999,2.666666667,2.217391304,6.306122449,8.56097561,0.5,0.552147239,48.17008354,1.0,0.8462529443823581,1
0,2034,8.787878787999999,0.169491525,1.619047619,2.333333333,1.782608696,6.1836734689999995,8.146341462999999,0.5,0.306748466,55.48923872,1.0,0.9804551006599777,1
0,2035,8.515151515,0.169491525,1.642857143,2.166666667,1.52173913,6.346938776,8.487804878,1.0,0.36809816,58.21264528,1.0,0.8938306734394635,1
0,2036,8.424242424,0.169491525,1.5,2.0,1.869565217,6.224489796,8.829268293,0.5,0.36809816,76.42542674,1.0,0.8651453316283166,1
0,2037,8.121212121000001,0.169491525,1.80952381,2.666666667,1.608695652,6.469387755,8.56097561,0.5,0.36809816,62.46796806,1.0,0.8726652901981375,1
0,2038,7.606060606000001,0.5932203389999999,2.5238095240000002,0.666666667,3.826086957,6.591836735,7.073170732,1.0,0.49079754600000003,119.4892932,1.0,0.9940366911156382,1
0,2039,5.181818182,1.271186441,5.2619047619999995,0.333333333,5.260869565,7.265306122,4.756097561,0.5,0.7975460120000001,106.55311200000001,1.0,0.8499628128662788,1
0,2040,7.484848485,0.6779661020000001,2.6190476190000003,0.333333333,3.913043478,6.7959183670000005,6.804878049,1.0,0.36809816,93.27650492,-100.0,0.7585710887818116,1
0,2041,6.424242424,0.762711864,3.785714286,0.333333333,4.652173913,7.285714286,5.707317073,0.5,0.306748466,95.31905984,-100.0,0.6824867011285549,1
0,2042,7.606060606000001,0.5932203389999999,2.5238095240000002,0.666666667,3.826086957,6.591836735,7.073170732,1.0,0.49079754600000003,86.8084143,-100.0,0.711753686450281,1
0,2043,6.272727272999999,1.6101694919999998,4.2619047619999995,0.166666667,6.391304347999999,6.020408163,5.219512195,2.5,0.613496933,82.72330444,-100.0,0.4790191934172061,-100
0,2044,7.2121212120000004,0.762711864,3.428571429,0.333333333,4.608695652,6.775510204,5.585365854,1.5,0.613496933,107.0637507,1.0,0.9776200637629562,1
0,2045,6.818181817999999,1.0169491529999999,4.0,0.166666667,5.0,6.5102040820000004,5.3170731710000005,1.5,0.613496933,122.0424868,1.0,0.984614970000264,1
0,2046,5.454545455,1.1864406779999999,5.380952381,0.666666667,5.173913043,7.163265306,4.2926829269999995,1.5,0.736196319,109.27651850000001,1.0,0.9415256777988016,1
0,2047,5.303030303,1.271186441,5.0476190480000005,0.666666667,5.347826087,7.040816327000001,5.0731707319999995,1.5,0.613496933,110.46800890000002,1.0,0.8767862456722783,1
0,2048,5.606060606000001,1.355932203,5.166666667,0.333333333,5.47826087,6.959183672999999,4.463414633999999,1.5,0.552147239,133.27653899999999,1.0,0.9201173180843106,1
0,2049,6.575757576,0.847457627,4.023809524,0.166666667,5.2173913039999995,6.632653061,5.4878048779999995,1.5,0.736196319,101.27651170000001,1.0,0.8592681924176219,1
0,2050,5.96969697,1.0169491529999999,4.380952381,0.333333333,5.2173913039999995,7.020408163,5.341463415,1.0,0.49079754600000003,123.744616,1.0,0.9676674759943503,1
0,2051,7.848484847999999,0.423728814,2.595238095,0.666666667,4.347826087,5.897959183999999,7.219512195,2.0,0.24539877300000001,56.17009036,-100.0,0.7215751099138848,1
0,2052,8.636363636,0.254237288,1.6666666669999999,1.0,1.913043478,6.653061224,7.87804878,1.0,0.24539877300000001,41.36156712,1.0,0.8238411632431956,1
0,2053,6.96969697,0.5932203389999999,2.976190476,1.6666666669999999,3.47826087,7.081632653,6.780487805,1.0,0.49079754600000003,88.85096924,-100.0,0.6350253809548918,1
0,2054,8.363636364,0.254237288,1.785714286,2.0,1.565217391,6.775510204,7.926829268,0.5,0.613496933,74.38287182,1.0,0.9474430839670047,1
0,2055,8.393939394,0.254237288,1.69047619,0.833333333,2.0,6.693877551,8.195121951,0.5,0.36809816,65.36158754,1.0,0.88224060611324,1
0,2056,7.818181817999999,0.847457627,2.238095238,0.666666667,7.086956522,5.448979592000001,6.463414633999999,3.0,0.36809816,26.04240514,1.0,0.8860757892766313,1
0,2057,7.96969697,0.6779661020000001,1.857142857,0.833333333,6.434782609,5.87755102,6.707317073,3.5,0.429447853,17.19133378,-100.0,0.7431946722183682,1
0,2058,8.363636364,0.508474576,1.8333333330000001,0.5,7.304347826,4.469387755,7.414634146,4.0,0.6748466259999999,23.8296373,1.0,0.8028787896105454,1
0,2059,7.818181817999999,0.847457627,2.238095238,0.666666667,7.086956522,5.448979592000001,6.463414633999999,3.0,0.36809816,26.04240514,1.0,0.8860757892766313,1
0,2060,7.96969697,0.6779661020000001,1.857142857,0.833333333,6.434782609,5.87755102,6.707317073,3.5,0.429447853,17.19133378,-100.0,0.7431946722183682,1
0,2061,8.333333332999999,0.508474576,1.8333333330000001,0.5,7.304347826,4.469387755,7.390243902000001,4.0,0.6748466259999999,23.8296373,1.0,0.8003527752266161,1
0,2062,8.090909091,0.93220339,1.976190476,0.666666667,7.47826087,4.714285714,6.9024390239999995,4.0,0.7975460120000001,23.31899856,1.0,0.8238685544070785,1
0,2063,7.818181817999999,0.6779661020000001,2.0238095240000002,0.833333333,6.043478261000001,5.1428571430000005,7.853658537,2.5,0.36809816,10.21260444,1.0,0.8863327164641217,1
0,2064,7.666666667,0.93220339,2.285714286,0.833333333,6.173913043,5.081632653,7.365853659,4.5,0.613496933,9.872178614,-100.0,0.4745182524012488,-100
0,2065,7.848484847999999,1.0169491529999999,2.0,0.5,8.869565217,4.591836735,6.536585366000001,4.5,0.858895706,24.68070186,1.0,0.8076950849666809,1
0,2066,8.03030303,0.6779661020000001,1.928571429,0.666666667,5.695652174,5.306122449,7.585365854,3.5,0.36809816,16.17005631,-100.0,0.762787708980422,1
0,2067,7.696969697,0.93220339,1.904761905,0.5,8.47826087,4.326530612,7.536585366000001,3.5,0.858895706,18.55303707,1.0,0.8738754708461994,1
0,2068,8.090909091,0.508474576,2.095238095,0.833333333,5.695652174,4.979591837,7.731707317000001,3.5,0.552147239,21.27644364,-100.0,0.7342168410437865,1
0,2069,7.96969697,0.6779661020000001,1.904761905,0.666666667,5.391304347999999,5.693877551,7.4878048779999995,3.0,0.36809816,32.17006994,-100.0,0.7006730629519468,1
0,2070,7.909090909,0.93220339,1.928571429,0.333333333,8.695652174,4.673469388,6.658536585,5.0,0.552147239,24.68070186,-100.0,0.6920771985126593,1
0,2071,7.7878787879999996,0.5932203389999999,2.0,0.833333333,5.869565217000001,5.244897958999999,7.829268292999999,3.5,0.552147239,9.02111406,-100.0,0.7255708053438318,1
0,2072,8.333333332999999,0.5932203389999999,1.547619048,0.666666667,5.869565217000001,4.897959183999999,8.097560976,4.5,0.49079754600000003,10.21260444,-100.0,0.6820455138234255,1
0,2073,8.03030303,0.5932203389999999,1.857142857,0.5,5.608695652000001,5.367346939,7.658536585,3.5,0.6748466259999999,16.34026923,-100.0,0.7113618747942086,1
0,2074,7.7878787879999996,0.6779661020000001,1.952380952,0.833333333,5.826086957,5.265306122,7.829268292999999,3.5,0.613496933,20.595592,-100.0,0.7495419168618701,1
0,2075,8.303030303,0.762711864,1.571428571,0.5,7.956521738999999,4.612244898,7.195121951,4.0,0.36809816,5.1062171119999995,-100.0,0.5814813121873861,1
0,2076,7.696969697,0.762711864,1.952380952,0.666666667,6.2173913039999995,5.775510204,7.195121951,2.5,0.49079754600000003,4.9360042,-100.0,0.7494014930452604,1
0,2077,7.757575758,0.847457627,2.142857143,0.666666667,8.47826087,4.653061224,6.707317073,4.5,0.7975460120000001,2.042384716,-100.0,0.21549973467944752,-100
0,2078,7.9393939389999995,0.93220339,1.928571429,0.666666667,8.652173913,4.571428571,6.609756097999999,5.0,0.6748466259999999,6.97855913,-100.0,0.27439805479526974,-100
0,2079,6.272727272999999,1.440677966,3.785714286,0.166666667,7.47826087,6.428571429,4.804878049,3.5,1.104294479,51.40412886,-100.0,0.49118977677402476,-100
0,2080,6.181818182000001,1.5254237290000001,3.642857143,0.0,7.47826087,6.326530612000001,5.243902439,4.0,1.042944785,38.46794764,-100.0,0.20789761359502978,-100
0,2081,6.696969697,1.271186441,3.333333333,0.0,8.043478261,5.632653061,5.463414633999999,4.0,1.104294479,35.40411524,-100.0,0.49225135459788927,-100
0,2082,6.484848485,1.440677966,3.547619048,0.0,7.826086957,5.93877551,5.243902439,3.5,0.920245399,32.34028284,-100.0,0.55786212628107,1
0,2083,6.272727272999999,1.440677966,3.928571429,0.0,8.130434783,5.714285714,5.170731707,3.0,0.7975460120000001,17.19133378,-100.0,0.41527233925642193,-100
0,2084,7.151515152000001,1.1864406779999999,2.4285714290000002,0.0,7.260869565,6.2040816329999995,6.12195122,3.5,0.36809816,36.93603144,-100.0,0.51835741305225,1
0,2085,6.3636363639999995,1.271186441,3.238095238,0.166666667,7.52173913,6.367346939,5.609756097999999,3.5,0.9815950920000001,38.97858636,-100.0,0.3083885901759899,-100
0,2086,6.9393939389999995,1.101694915,2.642857143,0.0,7.391304347999999,6.12244898,6.073170732,4.0,0.9815950920000001,28.93602462,-100.0,0.43508742253676297,-100
0,2087,3.96969697,5.677966102,5.785714286,0.166666667,5.739130435,7.530612245,2.4634146340000003,2.0,2.26993865,13.27643683,-100.0,0.577021960238901,1
0,2088,3.515151515,5.762711864,6.357142857,0.166666667,6.086956522,7.653061224,1.8536585369999998,2.5,2.515337423,15.999843400000001,-100.0,0.5345227563509952,1
0,2089,2.757575758,5.93220339,7.261904762,0.666666667,6.173913043,7.244897958999999,1.951219512,2.0,2.26993865,19.57431453,1.0,0.8686692045667402,1
0,2090,3.666666667,5.084745763,6.357142857,0.333333333,6.304347826,7.448979592000001,2.12195122,2.0,2.3926380369999998,22.1275082,1.0,0.8520228892617645,1
0,2091,2.424242424,5.169491525,7.523809524,0.166666667,5.565217391,7.387755102000001,2.87804878,1.5,2.45398773,28.5955988,1.0,0.8076240891254777,1
0,2092,2.666666667,6.355932202999999,7.095238095,0.0,6.0,7.591836735,1.87804878,2.0,2.63803681,11.06366899,-100.0,0.38713698747201225,-100
0,2093,2.8181818180000002,6.440677966,6.857142857,0.166666667,5.826086957,7.755102041000001,2.024390244,1.5,2.024539877,0.0,-100.0,0.10331660103442468,-100
0,2094,2.121212121,7.033898305,7.5,0.333333333,5.043478261000001,8.163265306,1.8292682930000002,1.0,1.7177914109999999,0.0,-100.0,0.3482812448288821,-100
0,2095,3.3030303030000003,5.762711864,6.761904762,0.333333333,5.347826087,7.469387755,2.243902439,1.5,2.26993865,4.76579129,-100.0,0.12401277265228673,-100
0,2096,4.03030303,5.677966102,5.714285714,0.166666667,4.608695652,7.8163265310000005,2.829268293,2.0,2.26993865,4.425365468,-100.0,0.1343670314772746,-100
0,2097,4.090909091,5.3389830510000005,5.595238095,1.333333333,4.130434783,7.612244897999999,3.487804878,1.5,1.6564417180000002,3.063662182,-100.0,0.5142263177222895,1
0,2098,4.090909091,5.4237288139999995,5.666666667,0.5,5.434782609,7.0,3.341463415,1.5,2.208588957,18.21261124,1.0,0.920086243732472,1
0,2099,4.03030303,5.847457627000001,5.523809524,0.166666667,5.130434783,7.530612245,3.097560976,1.5,2.024539877,7.489197863999999,-100.0,0.51267089615628,1
0,2100,4.0606060610000005,5.677966102,5.69047619,0.166666667,5.173913043,7.408163265,3.0243902439999997,1.5,2.085889571,15.65941758,1.0,0.8628986513297439,1
0,2101,2.515151515,7.711864407,6.714285714,0.166666667,4.869565217,8.102040816,2.146341463,2.0,1.7177914109999999,10.72324317,1.0,0.8705580941315514,1
0,2102,2.757575758,7.457627119,6.285714286,0.0,4.608695652,8.224489796,2.7317073169999997,1.5,1.472392638,8.85090115,1.0,0.9102893369428283,1
0,2103,3.96969697,5.677966102,5.785714286,0.166666667,5.739130435,7.530612245,2.4634146340000003,2.0,2.26993865,62.80839388,1.0,0.9505833948196599,1
0,2104,3.515151515,5.762711864,6.357142857,0.166666667,6.086956522,7.653061224,1.8536585369999998,2.5,2.515337423,65.70201336,1.0,0.9385720149531495,1
0,2105,2.757575758,5.93220339,7.261904762,0.666666667,6.173913043,7.244897958999999,1.951219512,2.0,2.26993865,70.80840068,1.0,0.8682535028606221,1
0,2106,3.666666667,5.084745763,6.357142857,0.333333333,6.304347826,7.448979592000001,2.12195122,2.0,2.3926380369999998,65.53180046,1.0,0.9380830089348284,1
0,2107,2.424242424,5.169491525,7.523809524,0.166666667,5.565217391,7.387755102000001,2.87804878,1.5,2.45398773,60.76583894,-100.0,0.21903900848928354,-100
0,2108,2.666666667,6.355932202999999,7.095238095,0.0,6.0,7.591836735,1.87804878,2.0,2.63803681,42.89348332,1.0,0.8717956476037944,1
0,2109,2.8181818180000002,6.440677966,6.857142857,0.166666667,5.826086957,7.755102041000001,2.024390244,1.5,2.024539877,50.38285138,1.0,0.8445174560271047,1
0,2110,2.121212121,7.033898305,7.5,0.333333333,5.043478261000001,8.163265306,1.8292682930000002,1.0,1.7177914109999999,45.7871028,1.0,0.795575202889177,1
0,2111,3.3030303030000003,5.762711864,6.761904762,0.333333333,5.347826087,7.469387755,2.243902439,1.5,2.26993865,61.4466906,1.0,0.9102215674527684,1
0,2112,4.03030303,5.677966102,5.714285714,0.166666667,4.608695652,7.8163265310000005,2.829268293,2.0,2.26993865,61.10626478,1.0,0.879257641816006,1
0,2113,4.090909091,5.3389830510000005,5.595238095,1.333333333,4.130434783,7.612244897999999,3.487804878,1.5,1.6564417180000002,57.87221946,1.0,0.8261685014777822,1
0,2114,4.090909091,5.4237288139999995,5.666666667,0.5,5.434782609,7.0,3.341463415,1.5,2.208588957,39.99986382,1.0,0.9468438408117124,1
0,2115,4.03030303,5.847457627000001,5.523809524,0.166666667,5.130434783,7.530612245,3.097560976,1.5,2.024539877,34.38283778,1.0,0.9603188736675609,1
0,2116,4.0606060610000005,5.677966102,5.69047619,0.166666667,5.173913043,7.408163265,3.0243902439999997,1.5,2.085889571,43.91476078,1.0,0.9288518184192476,1
0,2117,2.515151515,7.711864407,6.714285714,0.166666667,4.869565217,8.102040816,2.146341463,2.0,1.7177914109999999,41.70199294,1.0,0.8164856686326659,1
0,2118,2.757575758,7.457627119,6.285714286,0.0,4.608695652,8.224489796,2.7317073169999997,1.5,1.472392638,41.36156712,-100.0,0.7653413215846523,1
0,2119,7.0606060610000005,0.508474576,2.976190476,0.833333333,5.739130435,5.591836735,7.292682927,2.5,0.429447853,28.76581172,-100.0,0.552617823709669,1
0,2120,8.0,0.423728814,2.0,0.166666667,7.608695652000001,4.387755102,7.804878049,4.0,0.49079754600000003,28.4253859,-100.0,0.6812293263622717,1
0,2121,7.6363636360000005,0.762711864,2.0714285709999998,0.166666667,7.304347826,6.1836734689999995,6.024390244,5.5,0.613496933,122.7233385,1.0,0.9700172185698657,1
0,2122,7.515151515,0.847457627,2.5238095240000002,0.0,8.043478261,5.87755102,5.43902439,5.5,0.736196319,71.99989106,-100.0,0.7012627351316914,1
0,2123,8.575757576,0.6779661020000001,2.261904762,0.166666667,7.739130435,5.204081633,5.268292683,4.0,0.613496933,36.76581852,1.0,0.9632167358622045,1
0,2124,7.606060606000001,0.5932203389999999,2.238095238,0.166666667,6.956521738999999,5.979591837,6.365853659,5.0,0.7975460120000001,32.85092158,-100.0,0.23902977247588503,-100
0,2125,7.696969697,0.847457627,2.30952381,0.166666667,7.391304347999999,6.224489796,5.2926829269999995,6.5,0.736196319,42.5530575,-100.0,0.1835569004813267,-100
0,2126,7.03030303,0.762711864,2.761904762,0.166666667,7.956521738999999,5.428571429,6.536585366000001,4.0,0.49079754600000003,58.21264528,-100.0,0.3318403648812785,-100
0,2127,8.727272727,0.5932203389999999,1.619047619,0.166666667,7.565217391,5.8163265310000005,5.365853659,6.5,0.429447853,78.9786204,1.0,0.9410984803184779,1
0,2128,8.060606061,0.847457627,1.80952381,1.6666666669999999,7.0,5.734693878,6.0975609760000005,2.5,1.104294479,15.14877885,1.0,0.8630178618172087,1
0,2129,7.909090909,0.93220339,1.904761905,2.333333333,7.52173913,5.693877551,5.756097561,2.5,1.288343558,11.91473354,-100.0,0.7824696757714953,1
0,2130,7.818181817999999,0.847457627,1.952380952,1.6666666669999999,7.173913043,5.632653061,6.268292682999999,3.0,1.104294479,15.82963049,1.0,0.8129233448117766,1
0,2131,8.03030303,0.6779661020000001,1.738095238,1.333333333,5.434782609,6.142857143,6.853658537,2.0,0.9815950920000001,7.489197863999999,-100.0,0.7670550816957336,1
0,2132,8.454545455,0.254237288,1.380952381,3.166666667,2.913043478,6.673469387999999,7.3170731710000005,1.5,1.042944785,36.4253927,1.0,0.9447477962935448,1
0,2133,7.818181817999999,0.762711864,2.547619048,0.5,7.260869565,5.591836735,5.56097561,3.0,1.472392638,49.021148100000005,1.0,0.9816944066811986,1
0,2134,8.454545455,0.423728814,1.547619048,1.333333333,4.0,6.571428571,6.87804878,2.0,1.104294479,13.27643683,1.0,0.8106252915282877,1
0,2135,8.03030303,0.508474576,2.0,1.5,4.739130435,6.285714286,6.609756097999999,2.5,1.226993865,14.2977143,-100.0,0.6861741907345115,1
0,2136,8.303030303,0.93220339,2.095238095,1.6666666669999999,7.47826087,5.897959183999999,4.756097561,3.0,0.920245399,14.46792721,-100.0,0.6480012588697677,1
0,2137,7.96969697,1.0169491529999999,2.452380952,0.166666667,5.565217391,6.897959183999999,5.048780488,1.5,0.736196319,9.701965704,-100.0,0.38725317225342004,-100
0,2138,8.03030303,1.1864406779999999,2.595238095,0.5,7.434782609,6.040816327000001,4.365853659,3.0,1.104294479,19.74452744,-100.0,0.7554666323989647,1
0,2139,8.151515152,1.440677966,2.333333333,0.0,7.6521739129999995,5.979591837,4.487804878,3.0,0.920245399,44.08497368,1.0,0.9954266263751543,1
0,2140,8.121212121000001,1.6101694919999998,1.8333333330000001,0.333333333,6.913043478,5.632653061,5.926829268,3.0,1.288343558,43.91476078,1.0,0.9869299844103822,1
0,2141,8.242424242,1.1864406779999999,2.4761904759999998,0.666666667,6.304347826,7.020408163,3.7560975610000003,2.0,0.736196319,31.14879246,1.0,0.9909815542323849,1
0,2142,7.96969697,1.1864406779999999,2.666666667,0.0,7.2173913039999995,6.102040816000001,4.56097561,3.0,0.736196319,32.34028284,1.0,0.9596642145016429,1
0,2143,8.121212121000001,0.762711864,2.5,0.833333333,6.913043478,5.93877551,5.048780488,2.5,0.7975460120000001,23.99985022,1.0,0.9240711910852946,1
0,2144,8.484848485,0.762711864,1.6666666669999999,0.333333333,8.043478261,5.163265306,6.073170732,3.5,0.7975460120000001,14.97856594,-100.0,0.6962085620734102,1
0,2145,8.242424242,0.5932203389999999,2.095238095,0.666666667,5.826086957,6.285714286,5.756097561,2.0,1.042944785,38.80837346,1.0,0.9806075485414228,1
0,2146,7.090909091,1.7796610169999998,3.261904762,1.0,6.913043478,6.612244897999999,4.146341463,2.0,0.736196319,22.80835984,1.0,0.926266975563807,1
0,2147,9.151515152,0.847457627,1.595238095,0.333333333,6.695652174,5.979591837,5.024390244,2.5,0.306748466,42.7232704,1.0,0.9999943633309909,1
0,2148,7.515151515,1.101694915,2.761904762,0.333333333,6.0,7.653061224,4.0,1.5,0.6748466259999999,42.21263168,1.0,0.9849004904804799,1
0,2149,8.393939394,0.762711864,2.285714286,0.0,7.739130435,5.7959183670000005,4.853658537,3.0,0.736196319,29.61687626,1.0,0.9658698068556972,1
0,2150,7.96969697,1.271186441,2.642857143,1.5,6.086956522,5.285714286,5.780487805,2.5,1.3496932519999998,27.0636826,1.0,0.9605501744469845,1
0,2151,8.484848485,0.6779661020000001,2.357142857,3.5,4.043478261000001,5.265306122,6.585365854,2.5,0.6748466259999999,34.55305068,1.0,0.9664763596833207,1
0,2152,9.484848485,0.6779661020000001,1.6666666669999999,2.333333333,4.608695652,4.87755102,6.341463415,1.5,1.104294479,28.25517298,1.0,0.9972768119832129,1
0,2153,8.909090909,1.0169491529999999,1.761904762,0.166666667,7.391304347999999,5.346938776,5.146341463,3.5,1.3496932519999998,51.91476758,1.0,0.9999984616808518,1
0,2154,9.696969697,0.169491525,1.523809524,2.0,2.565217391,6.632653061,5.56097561,2.5,1.288343558,30.63815374,1.0,0.979974953308848,1
0,2155,8.242424242,1.101694915,2.642857143,2.333333333,5.608695652000001,5.428571429,5.414634146,2.0,1.104294479,34.38283778,1.0,0.9940456300887296,1
0,2156,7.96969697,1.101694915,2.5,1.6666666669999999,5.7826086960000005,5.673469387999999,5.804878049,3.0,1.042944785,27.57432134,1.0,0.9158687915103263,1
0,2157,7.757575758,0.93220339,3.071428571,2.0,6.086956522,5.632653061,5.0,3.0,1.533742331,29.78708918,1.0,0.9325203390693353,1
0,2158,7.878787879,1.101694915,2.928571429,2.333333333,4.9130434780000005,5.367346939,6.024390244,1.5,1.165644172,33.87219904,1.0,0.9862651641283661,1
0,2159,9.303030303,0.508474576,1.380952381,2.333333333,4.0869565219999995,5.530612245,6.6829268289999995,3.0,0.9815950920000001,38.46794764,1.0,0.9881924784800955,1
0,2160,8.606060606,0.93220339,2.30952381,1.5,5.956521738999999,5.469387755,5.341463415,2.5,1.165644172,36.4253927,1.0,0.9947941430260889,1
0,2161,8.272727273,1.0169491529999999,2.30952381,1.5,6.086956522,5.87755102,5.195121951,3.0,1.472392638,38.97858636,1.0,0.9896499826368652,1
0,2162,8.545454545,0.93220339,2.404761905,1.333333333,5.956521738999999,5.244897958999999,5.4878048779999995,2.5,1.3496932519999998,41.36156712,1.0,0.9969445166000332,1
0,2163,8.575757576,0.762711864,2.761904762,2.666666667,5.0,5.857142857,4.536585366000001,3.0,1.226993865,35.91475398,1.0,0.9915843753227825,1
0,2164,8.121212121000001,1.101694915,2.595238095,2.5,6.043478261000001,5.591836735,5.12195122,3.0,1.411042945,31.14879246,1.0,0.9774007876074129,1
0,2165,8.666666667000001,0.423728814,2.5,1.6666666669999999,5.043478261000001,6.1836734689999995,4.780487805,2.0,1.7177914109999999,26.04240514,1.0,0.9635771016082155,1
0,2166,8.606060606,0.508474576,2.261904762,3.666666667,3.739130435,6.0,5.87804878,2.0,0.858895706,30.97857956,1.0,0.9785559062955121,1
0,2167,8.181818182,1.101694915,2.452380952,1.6666666669999999,5.695652174,5.775510204,5.4878048779999995,2.0,1.104294479,28.08496008,1.0,0.9806482934382351,1
0,2168,8.242424242,1.1864406779999999,2.5,1.166666667,6.304347826,5.1836734689999995,5.6829268289999995,3.5,0.920245399,29.10623754,1.0,0.9301544780074231,1
0,2169,7.151515152000001,1.5254237290000001,3.19047619,1.5,6.3478260870000005,5.836734694,5.2926829269999995,3.0,1.165644172,28.08496008,1.0,0.8672339589534264,1
0,2170,8.0,0.93220339,2.19047619,0.833333333,6.956521738999999,6.673469387999999,4.487804878,3.5,1.595092025,22.1275082,-100.0,0.737943716184263,1
0,2171,8.212121212000001,1.101694915,1.952380952,0.666666667,7.956521738999999,5.285714286,5.585365854,3.5,1.226993865,38.63816054,1.0,0.9850655381538418,1
0,2172,8.212121212000001,0.93220339,2.19047619,1.166666667,6.6521739129999995,6.326530612000001,4.7073170730000005,3.0,1.226993865,15.31899176,-100.0,0.5229738748200845,1
0,2173,7.909090909,0.93220339,2.30952381,1.0,7.086956522,6.244897958999999,4.9024390239999995,3.5,1.226993865,16.34026923,-100.0,0.4659423760387088,-100
0,2174,7.7878787879999996,1.271186441,2.3809523809999997,0.166666667,7.913043478,5.897959183999999,4.87804878,4.0,1.472392638,20.42537908,-100.0,0.5924695036475713,1
0,2175,8.121212121000001,1.101694915,2.1190476190000003,0.0,7.52173913,6.285714286,4.609756098,4.0,1.165644172,33.3615603,1.0,0.9354006252879469,1
0,2176,8.181818182,0.423728814,2.166666667,1.166666667,6.565217391,5.918367347,5.56097561,3.5,1.226993865,22.97857274,-100.0,0.7520639612702138,1
0,2177,8.363636364,0.6779661020000001,2.047619048,1.0,7.695652174,5.551020407999999,5.268292683,3.0,1.288343558,18.21261124,-100.0,0.7827992962692222,1
0,2178,8.0,1.1864406779999999,2.166666667,0.166666667,7.434782609,6.571428571,4.390243902,1.5,1.533742331,18.04239833,1.0,0.8783387445918049,1
0,2179,8.515151515,1.0169491529999999,1.714285714,0.166666667,7.7826086960000005,5.857142857,5.12195122,4.0,1.226993865,25.53176642,1.0,0.9029203453449421,1
0,2180,8.393939394,0.93220339,1.69047619,0.833333333,6.086956522,6.408163265,5.341463415,2.0,2.331288344,20.7658049,1.0,0.9248120058173078,1
0,2181,7.909090909,1.0169491529999999,2.166666667,1.0,7.391304347999999,6.367346939,4.6829268289999995,3.5,1.411042945,31.82964412,1.0,0.9542768824534797,1
0,2182,7.878787879,0.93220339,2.19047619,1.5,6.391304347999999,6.081632653,5.609756097999999,3.0,1.7177914109999999,23.48921148,1.0,0.8673952773605627,1
0,2183,8.575757576,0.93220339,1.6666666669999999,0.0,7.695652174,6.244897958999999,4.658536585,3.0,1.472392638,15.31899176,-100.0,0.5265447865468471,1
0,2184,8.121212121000001,1.0169491529999999,2.30952381,1.0,6.47826087,6.408163265,4.756097561,3.0,1.3496932519999998,23.48921148,1.0,0.8769762304247426,1
0,2185,8.060606061,1.101694915,2.238095238,0.166666667,7.6521739129999995,6.12244898,4.658536585,4.5,1.226993865,38.12752182,1.0,0.9305364437516712,1
0,2186,8.666666667000001,0.254237288,1.357142857,1.5,9.52173913,2.346938776,8.780487805,4.0,0.858895706,29.10623754,1.0,0.9682317405680595,1
0,2187,8.393939394,0.762711864,1.80952381,1.166666667,6.7826086960000005,6.2040816329999995,5.243902439,3.0,1.288343558,21.78708238,1.0,0.8924410947974046,1
0,2188,7.909090909,1.101694915,2.166666667,0.833333333,6.130434782999999,6.551020407999999,5.219512195,3.0,1.411042945,25.87219224,1.0,0.8870772599015824,1
0,2189,8.848484848,0.169491525,1.523809524,0.666666667,6.869565217000001,6.326530612000001,5.146341463,3.5,1.226993865,35.06368942,1.0,0.977958418460426,1
0,2190,8.696969697,0.762711864,1.976190476,1.6666666669999999,5.304347826,6.06122449,5.219512195,4.5,1.595092025,25.53176642,-100.0,0.7457556287784088,1
0,2191,8.333333332999999,0.847457627,1.857142857,0.833333333,7.260869565,6.0,5.341463415,2.5,1.042944785,47.99987064,1.0,0.997186617955896,1
0,2192,7.757575758,1.0169491529999999,2.642857143,0.833333333,6.3478260870000005,6.020408163,5.219512195,3.0,1.595092025,32.51049576,1.0,0.9324872892020488,1
0,2193,8.181818182,0.847457627,2.333333333,1.0,5.695652174,6.653061224,4.731707317,2.5,1.472392638,44.76582534,1.0,0.9945846227665496,1
0,2194,8.272727273,0.6779661020000001,2.19047619,1.5,5.869565217000001,6.4897959179999996,4.9024390239999995,3.5,1.533742331,18.89346289,-100.0,0.5509843297265413,1
0,2195,8.636363636,0.762711864,1.571428571,0.0,7.304347826,6.142857143,5.195121951,3.5,1.104294479,19.91474035,-100.0,0.7747794110000823,1
0,2196,8.0,0.6779661020000001,2.285714286,1.166666667,6.695652174,6.102040816000001,5.2926829269999995,4.0,1.472392638,28.25517298,-100.0,0.7907578737303489,1
0,2197,8.060606061,0.847457627,2.166666667,1.166666667,7.608695652000001,4.734693878,6.4878048779999995,2.5,1.288343558,40.51050256,1.0,0.9890562164089124,1
0,2198,8.090909091,1.0169491529999999,2.285714286,0.333333333,6.695652174,5.612244897999999,5.6829268289999995,3.5,1.288343558,24.51048894,1.0,0.8183357012511776,1
0,2199,8.818181818,0.762711864,2.0714285709999998,1.8333333330000001,6.6521739129999995,6.2040816329999995,4.12195122,3.0,1.226993865,16.17005631,-100.0,0.6272248913635575,1
0,2200,8.909090909,0.6779661020000001,2.095238095,1.333333333,8.347826087,4.081632653,5.634146341,4.0,0.9815950920000001,27.40410842,1.0,0.971422772541228,1
0,2201,8.818181818,0.33898305100000004,1.761904762,2.0,6.304347826,5.530612245,5.853658537,2.5,1.042944785,18.38282416,1.0,0.9033054172059467,1
0,2202,9.151515152,0.6779661020000001,1.714285714,0.833333333,6.7826086960000005,5.897959183999999,4.780487805,3.0,0.6748466259999999,23.14878566,1.0,0.9555506149393466,1
0,2203,8.818181818,0.762711864,2.0238095240000002,2.0,7.47826087,5.530612245,4.487804878,2.5,1.226993865,31.82964412,1.0,0.9999881601299079,1
0,2204,8.848484848,1.1864406779999999,2.3809523809999997,2.166666667,6.913043478,4.8571428569999995,4.756097561,2.5,0.920245399,26.04240514,1.0,0.9930811037816729,1
0,2205,8.666666667000001,0.33898305100000004,1.5,0.833333333,6.47826087,5.7959183670000005,6.195121951,3.5,0.9815950920000001,42.7232704,1.0,0.9696924252688932,1
0,2206,8.454545455,0.93220339,1.785714286,0.0,7.434782609,5.612244897999999,5.609756097999999,5.0,1.104294479,36.76581852,1.0,0.8605083978860134,1
0,2207,8.121212121000001,0.93220339,1.761904762,0.166666667,7.434782609,6.081632653,5.536585366000001,5.0,0.920245399,24.51048894,-100.0,0.5838127989445615,1
0,2208,8.787878787999999,0.169491525,1.428571429,2.333333333,5.608695652000001,6.12244898,5.9024390239999995,2.5,1.472392638,41.1913542,1.0,0.9958561648477854,1
0,2209,8.333333332999999,0.847457627,1.976190476,0.166666667,6.304347826,6.448979592000001,5.146341463,2.5,1.533742331,20.25516618,1.0,0.8203928215720956,1
0,2210,8.242424242,1.0169491529999999,1.928571429,0.0,8.130434783,5.285714286,5.634146341,4.0,1.288343558,35.91475398,1.0,0.9555863482602329,1
0,2211,7.96969697,1.0169491529999999,2.261904762,0.666666667,7.6521739129999995,5.7959183670000005,5.0,5.0,1.533742331,41.87220584,1.0,0.9166222270821343,1
0,2212,8.242424242,0.847457627,1.880952381,0.5,7.608695652000001,5.755102041000001,5.463414633999999,4.0,1.165644172,31.31900538,1.0,0.9206223209533263,1
0,2213,8.272727273,1.101694915,2.047619048,0.0,6.7826086960000005,6.530612245,4.634146341,3.5,1.779141104,36.08496688,1.0,0.9755634924637451,1
0,2214,8.272727273,0.169491525,2.0238095240000002,0.666666667,4.869565217,6.408163265,6.390243902000001,2.5,0.858895706,28.76581172,1.0,0.8293589781416504,1
0,2215,8.0,0.93220339,2.357142857,0.666666667,7.086956522,5.959183672999999,5.12195122,3.0,1.3496932519999998,20.25516618,-100.0,0.7690664802640782,1
0,2216,8.272727273,1.1864406779999999,2.30952381,0.5,7.391304347999999,5.7959183670000005,4.658536585,4.0,1.288343558,32.68070866,1.0,0.9592158978962313,1
0,2217,8.121212121000001,1.0169491529999999,2.214285714,0.5,7.565217391,5.612244897999999,5.365853659,2.5,1.411042945,61.95732932,1.0,0.9999945093883296,1
0,2218,8.242424242,1.0169491529999999,2.047619048,0.166666667,6.7826086960000005,6.142857143,5.219512195,2.5,1.165644172,25.87219224,1.0,0.95401647531326,1
0,2219,7.9393939389999995,1.271186441,2.19047619,0.833333333,8.173913042999999,5.1836734689999995,5.56097561,3.5,1.226993865,42.38284458,1.0,0.9858891389512386,1
0,2220,7.878787879,0.5932203389999999,2.642857143,1.5,3.913043478,6.020408163,6.609756097999999,2.0,1.3496932519999998,49.70199974,1.0,0.9434385683656714,1
0,2221,7.9393939389999995,0.508474576,2.3809523809999997,0.333333333,9.652173913,1.87755102,9.0,3.5,0.9815950920000001,24.85091476,1.0,0.9112444968508441,1
0,2222,7.9393939389999995,0.93220339,2.4761904759999998,0.333333333,7.260869565,6.387755102000001,4.43902439,4.0,1.3496932519999998,25.3615535,-100.0,0.7291723149626266,1
0,2223,7.848484847999999,1.440677966,2.261904762,0.333333333,7.956521738999999,5.5102040820000004,5.365853659,3.5,1.288343558,28.08496008,1.0,0.9365041744900305,1
0,2224,8.060606061,1.101694915,2.214285714,0.666666667,8.0,4.959183673,5.87804878,3.0,1.3496932519999998,31.31900538,1.0,0.9766351204727332,1
0,2225,8.242424242,1.101694915,2.0,0.166666667,7.47826087,6.020408163,4.87804878,4.0,1.3496932519999998,24.17006312,1.0,0.8179459780447569,1
0,2226,8.151515152,1.101694915,1.8333333330000001,0.0,8.086956522000001,5.775510204,5.219512195,3.5,1.533742331,30.46794082,1.0,0.9619369643210252,1
0,2227,8.333333332999999,1.101694915,2.047619048,0.166666667,6.869565217000001,6.265306122,4.804878049,3.5,1.3496932519999998,26.55304388,1.0,0.9098657393205917,1
0,2228,8.878787878999999,0.33898305100000004,2.0,1.333333333,3.739130435,6.448979592000001,5.804878049,2.5,1.165644172,28.08496008,1.0,0.9227923995095952,1
0,2229,9.636363636,0.33898305100000004,1.642857143,1.6666666669999999,7.739130435,4.734693878,4.756097561,4.0,1.288343558,22.1275082,1.0,0.9317937353622399,1
0,2230,8.939393939,0.508474576,2.238095238,1.166666667,6.739130435,5.224489796,5.0731707319999995,2.5,0.9815950920000001,26.38283096,1.0,0.9811768271262246,1
0,2231,9.393939394,0.423728814,1.904761905,1.0,3.130434783,5.5102040820000004,6.853658537,2.5,0.36809816,16.85090796,1.0,0.824303468434286,1
0,2232,9.424242424,0.5932203389999999,1.619047619,1.6666666669999999,7.7826086960000005,4.163265306,5.804878049,3.0,0.736196319,13.27643683,1.0,0.8050270564118025,1
0,2233,9.181818182,0.423728814,1.761904762,2.166666667,5.913043478,4.306122449,6.9024390239999995,2.5,0.7975460120000001,16.34026923,1.0,0.9325442762487783,1
0,2234,8.515151515,1.101694915,2.904761905,2.333333333,6.913043478,5.285714286,3.7317073169999997,3.5,1.901840491,20.595592,-100.0,0.7843416784037944,1
0,2235,9.060606061,0.33898305100000004,2.095238095,1.6666666669999999,3.130434783,6.102040816000001,6.195121951,1.5,0.7975460120000001,34.21262486,1.0,0.9859162277065607,1
0,2236,9.333333332999999,0.254237288,1.476190476,3.0,4.0,5.469387755,6.658536585,1.5,1.042944785,31.99985702,1.0,0.9959844328844881,1
0,2237,9.757575758,0.084745763,1.476190476,1.8333333330000001,4.565217391,5.693877551,5.6829268289999995,3.0,1.104294479,17.02112087,-100.0,0.7641645200465778,1
0,2238,9.545454545,0.084745763,1.476190476,3.166666667,4.652173913,5.346938776,6.073170732,2.5,0.9815950920000001,20.08495326,1.0,0.9526708590269757,1
0,2239,8.878787878999999,1.0169491529999999,1.642857143,1.0,7.695652174,5.775510204,4.56097561,3.5,1.104294479,30.127515000000002,1.0,0.9910962823442165,1
0,2240,8.96969697,0.33898305100000004,1.69047619,2.666666667,8.913043477999999,3.326530612,6.585365854,4.0,0.9815950920000001,35.74454106,1.0,0.9958151099211736,1
0,2241,9.090909091,0.423728814,1.80952381,2.833333333,4.739130435,6.12244898,5.12195122,3.0,1.411042945,20.7658049,1.0,0.8762734653288896,1
0,2242,9.333333332999999,0.169491525,1.619047619,2.666666667,3.4347826089999995,5.06122449,7.3170731710000005,2.0,1.226993865,23.99985022,1.0,0.967482080273113,1
0,2243,9.181818182,0.169491525,1.619047619,4.166666667,3.3043478260000003,5.346938776,6.975609756,1.5,1.104294479,20.595592,1.0,0.9771106817035743,1
0,2244,9.484848485,0.33898305100000004,1.333333333,2.0,5.173913043,5.755102041000001,5.780487805,2.5,1.042944785,28.93602462,1.0,0.991765128127487,1
0,2245,8.848484848,0.169491525,2.261904762,1.166666667,7.3478260870000005,5.591836735,4.634146341,3.0,1.042944785,15.82963049,-100.0,0.48419050543485864,-100
0,2246,9.212121212000001,0.33898305100000004,1.619047619,2.5,6.6521739129999995,5.06122449,5.56097561,3.5,1.165644172,19.0636758,1.0,0.8799608936979627,1
0,2247,8.818181818,0.254237288,2.166666667,2.166666667,4.9130434780000005,5.265306122,6.341463415,2.5,0.9815950920000001,21.10623072,1.0,0.8967501338350747,1
0,2248,8.696969697,0.5932203389999999,2.0714285709999998,1.166666667,7.043478261000001,5.755102041000001,4.780487805,3.5,1.226993865,21.61686946,1.0,0.8319523157714728,1
0,2249,9.242424242,0.169491525,1.595238095,2.333333333,3.347826087,5.87755102,6.658536585,2.0,1.042944785,22.1275082,1.0,0.9454366521314147,1
0,2250,8.515151515,0.5932203389999999,2.952380952,0.5,5.260869565,5.755102041000001,4.951219512,2.0,1.104294479,27.57432134,1.0,0.9566155122851562,1
0,2251,9.454545455,0.508474576,1.476190476,2.333333333,4.391304348,5.224489796,6.5121951220000005,3.0,0.9815950920000001,14.80835303,1.0,0.8329740565427622,1
0,2252,9.393939394,0.423728814,1.976190476,1.8333333330000001,4.043478261000001,5.755102041000001,5.609756097999999,1.5,1.226993865,22.97857274,1.0,0.9771815208143818,1
0,2253,9.303030303,0.423728814,1.69047619,2.0,7.3478260870000005,5.408163265,4.634146341,3.5,0.9815950920000001,18.04239833,1.0,0.8229135902745669,1
0,2254,7.2121212120000004,0.847457627,2.285714286,3.166666667,3.217391304,6.244897958999999,7.951219512000001,2.5,1.042944785,54.63817416,-100.0,0.4251226815134884,-100
0,2255,7.909090909,0.762711864,2.0,3.833333333,2.347826087,5.897959183999999,7.975609756,2.5,1.288343558,64.51052298,1.0,0.9488178041454058,1
0,2256,8.606060606,0.423728814,1.119047619,2.5,1.913043478,5.714285714,9.146341462999999,4.0,1.104294479,20.93601782,-100.0,0.6477116175804828,1
0,2257,7.545454545,0.847457627,2.166666667,3.166666667,2.6956521739999997,6.0,8.048780488,3.0,0.920245399,52.76583214,-100.0,0.4113514816956108,-100
0,2258,8.696969697,0.423728814,1.166666667,2.5,1.956521739,6.102040816000001,8.634146341000001,1.0,0.552147239,64.51052298,1.0,0.9757352149827501,1
0,2259,8.575757576,0.423728814,1.166666667,2.333333333,2.6086956519999998,5.8163265310000005,8.829268293,2.0,0.7975460120000001,46.80838026,1.0,0.8050344327843302,1
0,2260,7.3636363639999995,0.5932203389999999,3.166666667,5.666666667,1.8260869569999998,4.448979592,8.609756098,2.5,2.331288344,55.31902579999999,1.0,0.9067348454440425,1
0,2261,5.515151515,1.7796610169999998,4.833333333,1.333333333,4.695652174,5.836734694,6.12195122,3.5,1.472392638,97.70204059999999,-100.0,0.33937967766346444,-100
0,2262,8.878787878999999,0.33898305100000004,0.880952381,3.5,2.0434782609999997,4.8163265310000005,9.951219512,1.5,1.6564417180000002,58.72328402,1.0,0.9854083140699091,1
0,2263,8.212121212000001,0.33898305100000004,2.238095238,2.333333333,2.6956521739999997,4.632653061,9.0,1.5,1.7177914109999999,55.82966454,1.0,0.9450162910842255,1
0,2264,6.706876455,1.297130763,6.737660095,1.4174936669999998,4.744763957,0.304842224,7.195588366,5.1577135,5.290010184,16.68069505,-100.0,0.002576621969573529,-100
0,2265,6.6805484239999995,1.530391017,6.948667143,1.101665667,5.306779,0.537248163,6.211254927000001,5.0575565000000005,5.6873795089999994,69.78712322,1.0,0.9951825763589511,1
0,2266,6.473359847999999,1.6213962709999998,7.098815095,0.986754667,6.188489261,0.18336791800000002,6.147558732,5.3041905,6.023524785,49.36157392,1.0,0.9714976479686137,1
0,2267,6.7723487879999995,1.7505879659999999,7.061762119,0.873726167,6.175314042999999,0.465047755,5.346216634,5.0864395,6.16317638,30.80836664,-100.0,0.44533350816278805,-100
0,2268,6.474964817999999,1.419439746,7.398826262,0.140050833,7.084535477999999,0.6105326529999999,4.980480878,2.450071,6.812527791,0.0,-100.0,2.1497494164287444e-06,-100
0,2269,6.594470758,2.317082119,7.133033524,0.8488959999999999,6.913401738999999,1.4361152240000001,3.3916370000000002,4.8980855000000005,7.862575521,10.38281735,-100.0,1.0275452668834195e-05,-100
0,2270,6.281206212000001,2.1532705080000003,7.6629209760000006,0.865133167,7.466576565,1.223402245,3.1432188539999997,5.121617,7.533892515,0.0,-100.0,1.0000000994736041e-07,-100
0,2271,6.054314606,3.146778898,7.80401181,0.849704833,7.873112087000001,2.198895755,1.105925732,4.926936,9.494699018,5.957281666,-100.0,1.0000000994736041e-07,-100
0,2272,6.008916182,2.9499990680000003,7.922727642999999,0.084423167,8.545303042999999,1.725748571,1.62408961,2.0469645,9.400228589,0.0,-100.0,1.0000000994736041e-07,-100
0,2273,6.010091576000001,3.700421271,4.313209714,2.475367,3.2777566960000004,6.540911776000001,5.419043877999999,1.7156095,1.306214479,0.0,-100.0,0.7894334718819958,1
0,2274,6.635226182,2.773072712,3.52961981,3.191997667,2.455341304,6.4176907960000005,6.47670661,1.4790665,1.327828957,0.0,1.0,0.9392731169857952,1
0,2275,7.930354363999999,1.366753729,2.322050071,4.416745667,1.184487391,6.619331551,7.112899854,0.801872,1.223642025,0.0,1.0,0.9805437178867926,1
0,2276,7.754608152,1.884894237,2.603204119,2.9249185,1.670040217,6.647889959,6.738929732000001,1.5591055,1.146374417,0.0,1.0,0.9169259686998307,1
0,2277,7.2678542120000005,2.458131356,3.046558643,2.399107667,1.86936113,6.751551082000001,6.497636415,1.0225875,1.153228344,15.48920467,1.0,0.9533977948273731,1
0,2278,6.115156091,3.262712542,4.0068495,3.4881436669999997,2.739549826,6.6750962860000005,5.836084171,1.5056174999999998,1.32385135,20.42537908,1.0,0.9447869697975512,1
0,2279,6.658106212000001,2.482816186,3.787997929,5.2051511669999995,2.087519565,6.333099347,6.005893805,1.284246,1.517052454,2.72323636,1.0,0.9339410125786084,1
0,2280,6.010091576000001,3.700421271,4.313209714,2.475367,3.2777566960000004,6.540911776000001,5.419043877999999,1.7156095,1.306214479,28.93602462,1.0,0.9311188918186557,1
0,2281,6.635226182,2.773072712,3.52961981,3.191997667,2.455341304,6.4176907960000005,6.47670661,1.4790665,1.327828957,21.10623072,1.0,0.9425533032304205,1
0,2282,7.930354363999999,1.366753729,2.322050071,4.416745667,1.184487391,6.619331551,7.112899854,0.801872,1.223642025,15.82963049,1.0,0.969526335237752,1
0,2283,7.754608152,1.884894237,2.603204119,2.9249185,1.670040217,6.647889959,6.738929732000001,1.5591055,1.146374417,26.21261806,1.0,0.9286888874989645,1
0,2284,7.2678542120000005,2.458131356,3.046558643,2.399107667,1.86936113,6.751551082000001,6.497636415,1.0225875,1.153228344,26.72325678,1.0,0.9538540041709237,1
0,2285,6.115156091,3.262712542,4.0068495,3.4881436669999997,2.739549826,6.6750962860000005,5.836084171,1.5056174999999998,1.32385135,30.97857956,1.0,0.908635292696792,1
0,2286,6.658106212000001,2.482816186,3.787997929,5.2051511669999995,2.087519565,6.333099347,6.005893805,1.284246,1.517052454,23.99985022,1.0,0.9472280421599056,1
