True Value,No.,Si,Ti,Al,Cr,Fe,Ca,Mg,Mn,Na,H2O (ppm)*
,1970,1.866 ,0.012 ,0.232 ,0.001 ,0.260 ,0.830 ,0.787 ,0.007 ,0.024 ,850
,1971,1.858 ,0.017 ,0.211 ,0.005 ,0.196 ,0.903 ,0.811 ,0.004 ,0.021 ,780
,1972,1.843 ,0.014 ,0.269 ,0.006 ,0.193 ,0.854 ,0.812 ,0.004 ,0.023 ,944
,1973,1.840 ,0.014 ,0.268 ,0.006 ,0.196 ,0.860 ,0.806 ,0.007 ,0.024 ,823
,1974,1.838 ,0.014 ,0.263 ,0.005 ,0.187 ,0.871 ,0.819 ,0.005 ,0.021 ,974
,1975,1.841 ,0.014 ,0.268 ,0.006 ,0.189 ,0.868 ,0.805 ,0.005 ,0.023 ,909
,1976,1.916 ,0.011 ,0.130 ,0.000 ,0.268 ,0.822 ,0.842 ,0.008 ,0.025 ,544
,1977,1.919 ,0.011 ,0.128 ,0.000 ,0.270 ,0.824 ,0.832 ,0.008 ,0.024 ,546
,1978,1.875 ,0.025 ,0.190 ,0.005 ,0.199 ,0.865 ,0.826 ,0.005 ,0.025 ,271
,1979,1.939 ,0.018 ,0.130 ,0.003 ,0.191 ,0.889 ,0.788 ,0.006 ,0.024 ,295
,1980,1.933 ,0.017 ,0.130 ,0.003 ,0.186 ,0.870 ,0.829 ,0.005 ,0.021 ,204
,1981,1.830 ,0.015 ,0.265 ,0.004 ,0.207 ,0.868 ,0.816 ,0.004 ,0.023 ,879
,1982,1.830 ,0.014 ,0.273 ,0.005 ,0.235 ,0.861 ,0.780 ,0.007 ,0.024 ,1175
,1983,1.923 ,0.013 ,0.100 ,0.000 ,0.272 ,0.821 ,0.870 ,0.008 ,0.018 ,199
,1984,1.924 ,0.014 ,0.111 ,0.000 ,0.281 ,0.809 ,0.851 ,0.009 ,0.016 ,231
,1985,1.899 ,0.007 ,0.161 ,0.007 ,0.184 ,0.828 ,0.910 ,0.005 ,0.017 ,429
,1986,1.900 ,0.007 ,0.162 ,0.008 ,0.182 ,0.836 ,0.902 ,0.003 ,0.013 ,409
,1987,1.876 ,0.007 ,0.195 ,0.006 ,0.176 ,0.855 ,0.884 ,0.002 ,0.026 ,608
,1988,1.876 ,0.007 ,0.205 ,0.007 ,0.181 ,0.849 ,0.873 ,0.002 ,0.020 ,627
,1989,1.877 ,0.007 ,0.209 ,0.007 ,0.181 ,0.841 ,0.874 ,0.001 ,0.024 ,627
,1990,1.882 ,0.008 ,0.199 ,0.006 ,0.183 ,0.841 ,0.877 ,0.002 ,0.022 ,613
,1991,1.881 ,0.008 ,0.194 ,0.006 ,0.179 ,0.847 ,0.881 ,0.003 ,0.022 ,518
,1992,1.883 ,0.006 ,0.189 ,0.006 ,0.182 ,0.848 ,0.884 ,0.004 ,0.022 ,584
,1993,1.883 ,0.007 ,0.193 ,0.006 ,0.175 ,0.856 ,0.877 ,0.004 ,0.019 ,537
,1994,1.841 ,0.013 ,0.282 ,0.001 ,0.233 ,0.857 ,0.757 ,0.006 ,0.026 ,992
,1995,1.824 ,0.013 ,0.295 ,0.001 ,0.230 ,0.862 ,0.773 ,0.004 ,0.028 ,1057
,1996,1.811 ,0.015 ,0.301 ,0.001 ,0.241 ,0.862 ,0.776 ,0.005 ,0.025 ,1062
,1997,1.845 ,0.012 ,0.268 ,0.001 ,0.229 ,0.852 ,0.786 ,0.005 ,0.024 ,792
,1998,1.848 ,0.014 ,0.253 ,0.001 ,0.219 ,0.858 ,0.798 ,0.007 ,0.023 ,933
,1999,1.850 ,0.014 ,0.252 ,0.001 ,0.227 ,0.868 ,0.781 ,0.006 ,0.020 ,532
,2000,1.845 ,0.014 ,0.264 ,0.001 ,0.219 ,0.843 ,0.807 ,0.005 ,0.018 ,874
,2001,1.885 ,0.011 ,0.208 ,0.013 ,0.179 ,0.861 ,0.824 ,0.004 ,0.019 ,553
,2002,1.904 ,0.026 ,0.115 ,0.001 ,0.241 ,0.842 ,0.865 ,0.006 ,0.025 ,273
,2003,1.864 ,0.022 ,0.172 ,0.004 ,0.199 ,0.900 ,0.849 ,0.005 ,0.024 ,321
,2004,1.960 ,0.013 ,0.061 ,0.001 ,0.266 ,0.840 ,0.824 ,0.012 ,0.039 ,223
,2005,1.956 ,0.014 ,0.062 ,0.001 ,0.258 ,0.842 ,0.840 ,0.011 ,0.031 ,194
,2006,1.872 ,0.024 ,0.176 ,0.006 ,0.198 ,0.900 ,0.825 ,0.005 ,0.021 ,282
,2007,1.882 ,0.021 ,0.175 ,0.005 ,0.187 ,0.894 ,0.830 ,0.006 ,0.019 ,205
,2008,1.936 ,0.014 ,0.107 ,0.006 ,0.178 ,0.866 ,0.874 ,0.004 ,0.018 ,275
,2009,1.926 ,0.014 ,0.107 ,0.004 ,0.170 ,0.884 ,0.884 ,0.005 ,0.018 ,258
,2010,1.951 ,0.016 ,0.073 ,0.001 ,0.270 ,0.820 ,0.839 ,0.013 ,0.028 ,150
,2011,1.903 ,0.018 ,0.152 ,0.001 ,0.251 ,0.843 ,0.817 ,0.007 ,0.023 ,432
,2012,1.881 ,0.016 ,0.165 ,0.026 ,0.142 ,0.903 ,0.862 ,0.003 ,0.018 ,485
,2013,1.940 ,0.011 ,0.103 ,0.017 ,0.120 ,0.910 ,0.878 ,0.003 ,0.015 ,404
,2014,1.928 ,0.016 ,0.122 ,0.004 ,0.170 ,0.866 ,0.874 ,0.005 ,0.017 ,363
,2015,1.851 ,0.026 ,0.217 ,0.012 ,0.176 ,0.898 ,0.815 ,0.003 ,0.022 ,373
,2016,1.892 ,0.016 ,0.157 ,0.027 ,0.132 ,0.925 ,0.838 ,0.003 ,0.018 ,457
,2017,1.871 ,0.022 ,0.183 ,0.008 ,0.186 ,0.904 ,0.822 ,0.003 ,0.023 ,492
,2018,1.867 ,0.019 ,0.181 ,0.020 ,0.155 ,0.927 ,0.836 ,0.003 ,0.013 ,502
,2019,1.865 ,0.019 ,0.217 ,0.010 ,0.153 ,0.921 ,0.805 ,0.003 ,0.018 ,97
,2020,1.862 ,0.024 ,0.192 ,0.007 ,0.242 ,0.872 ,0.798 ,0.006 ,0.023 ,53
,2021,1.866 ,0.021 ,0.212 ,0.020 ,0.198 ,0.904 ,0.761 ,0.004 ,0.022 ,87
,2022,1.891 ,0.014 ,0.182 ,0.007 ,0.156 ,0.913 ,0.824 ,0.005 ,0.020 ,73
,2023,1.884 ,0.013 ,0.172 ,0.006 ,0.172 ,0.909 ,0.845 ,0.005 ,0.016 ,75
,2024,1.880 ,0.016 ,0.185 ,0.003 ,0.239 ,0.886 ,0.783 ,0.007 ,0.016 ,64
,2025,1.835 ,0.021 ,0.257 ,0.017 ,0.161 ,0.920 ,0.782 ,0.005 ,0.016 ,119
,2026,1.791 ,0.031 ,0.310 ,0.018 ,0.191 ,0.917 ,0.744 ,0.004 ,0.015 ,117
,2027,1.901 ,0.012 ,0.157 ,0.002 ,0.191 ,0.887 ,0.846 ,0.002 ,0.017 ,680
,2028,1.865 ,0.015 ,0.198 ,0.001 ,0.209 ,0.889 ,0.833 ,0.002 ,0.014 ,555
,2029,1.894 ,0.012 ,0.155 ,0.001 ,0.201 ,0.886 ,0.856 ,0.002 ,0.017 ,584
,2030,1.923 ,0.008 ,0.137 ,0.002 ,0.209 ,0.853 ,0.855 ,0.003 ,0.016 ,606
,2031,1.896 ,0.013 ,0.156 ,0.001 ,0.200 ,0.870 ,0.867 ,0.003 ,0.016 ,566
,2032,1.896 ,0.012 ,0.158 ,0.001 ,0.206 ,0.872 ,0.859 ,0.003 ,0.013 ,561
,2033,1.939 ,0.005 ,0.080 ,0.016 ,0.141 ,0.849 ,0.971 ,0.001 ,0.016 ,283
,2034,1.960 ,0.004 ,0.078 ,0.014 ,0.131 ,0.843 ,0.954 ,0.001 ,0.012 ,326
,2035,1.951 ,0.004 ,0.079 ,0.013 ,0.125 ,0.851 ,0.968 ,0.002 ,0.013 ,342
,2036,1.948 ,0.004 ,0.073 ,0.012 ,0.133 ,0.845 ,0.982 ,0.001 ,0.013 ,449
,2037,1.938 ,0.004 ,0.086 ,0.016 ,0.127 ,0.857 ,0.971 ,0.001 ,0.013 ,367
,2038,1.921 ,0.009 ,0.116 ,0.004 ,0.178 ,0.863 ,0.910 ,0.002 ,0.015 ,702
,2039,1.841 ,0.017 ,0.231 ,0.002 ,0.211 ,0.896 ,0.815 ,0.001 ,0.020 ,626
,2040,1.917 ,0.010 ,0.120 ,0.002 ,0.180 ,0.873 ,0.899 ,0.002 ,0.013 ,548
,2041,1.882 ,0.011 ,0.169 ,0.002 ,0.197 ,0.897 ,0.854 ,0.001 ,0.012 ,560
,2042,1.921 ,0.009 ,0.116 ,0.004 ,0.178 ,0.863 ,0.910 ,0.002 ,0.015 ,510
,2043,1.877 ,0.021 ,0.189 ,0.001 ,0.237 ,0.835 ,0.834 ,0.005 ,0.017 ,486
,2044,1.908 ,0.011 ,0.154 ,0.002 ,0.196 ,0.872 ,0.849 ,0.003 ,0.017 ,629
,2045,1.895 ,0.014 ,0.178 ,0.001 ,0.205 ,0.859 ,0.838 ,0.003 ,0.017 ,717
,2046,1.850 ,0.016 ,0.236 ,0.004 ,0.209 ,0.891 ,0.796 ,0.003 ,0.019 ,642
,2047,1.845 ,0.017 ,0.222 ,0.004 ,0.213 ,0.885 ,0.828 ,0.003 ,0.017 ,649
,2048,1.855 ,0.018 ,0.227 ,0.002 ,0.216 ,0.881 ,0.803 ,0.003 ,0.016 ,783
,2049,1.887 ,0.012 ,0.179 ,0.001 ,0.210 ,0.865 ,0.845 ,0.003 ,0.019 ,595
,2050,1.867 ,0.014 ,0.194 ,0.002 ,0.210 ,0.884 ,0.839 ,0.002 ,0.015 ,727
,2051,1.929 ,0.007 ,0.119 ,0.004 ,0.190 ,0.829 ,0.916 ,0.004 ,0.011 ,330
,2052,1.955 ,0.005 ,0.080 ,0.006 ,0.134 ,0.866 ,0.943 ,0.002 ,0.011 ,243
,2053,1.900 ,0.009 ,0.135 ,0.010 ,0.170 ,0.887 ,0.898 ,0.002 ,0.015 ,522
,2054,1.946 ,0.005 ,0.085 ,0.012 ,0.126 ,0.872 ,0.945 ,0.001 ,0.017 ,437
,2055,1.947 ,0.005 ,0.081 ,0.005 ,0.136 ,0.868 ,0.956 ,0.001 ,0.013 ,384
,2056,1.928 ,0.012 ,0.104 ,0.004 ,0.253 ,0.807 ,0.885 ,0.006 ,0.013 ,153
,2057,1.933 ,0.010 ,0.088 ,0.005 ,0.238 ,0.828 ,0.895 ,0.007 ,0.014 ,101
,2058,1.946 ,0.008 ,0.087 ,0.003 ,0.258 ,0.759 ,0.924 ,0.008 ,0.018 ,140
,2059,1.928 ,0.012 ,0.104 ,0.004 ,0.253 ,0.807 ,0.885 ,0.006 ,0.013 ,153
,2060,1.933 ,0.010 ,0.088 ,0.005 ,0.238 ,0.828 ,0.895 ,0.007 ,0.014 ,101
,2061,1.945 ,0.008 ,0.087 ,0.003 ,0.258 ,0.759 ,0.923 ,0.008 ,0.018 ,140
,2062,1.937 ,0.013 ,0.093 ,0.004 ,0.262 ,0.771 ,0.903 ,0.008 ,0.020 ,137
,2063,1.928 ,0.010 ,0.095 ,0.005 ,0.229 ,0.792 ,0.942 ,0.005 ,0.013 ,60
,2064,1.923 ,0.013 ,0.106 ,0.005 ,0.232 ,0.789 ,0.922 ,0.009 ,0.017 ,58
,2065,1.929 ,0.014 ,0.094 ,0.003 ,0.294 ,0.765 ,0.888 ,0.009 ,0.021 ,145
,2066,1.935 ,0.010 ,0.091 ,0.004 ,0.221 ,0.800 ,0.931 ,0.007 ,0.013 ,95
,2067,1.924 ,0.013 ,0.090 ,0.003 ,0.285 ,0.752 ,0.929 ,0.007 ,0.021 ,109
,2068,1.937 ,0.008 ,0.098 ,0.005 ,0.221 ,0.784 ,0.937 ,0.007 ,0.016 ,125
,2069,1.933 ,0.010 ,0.090 ,0.004 ,0.214 ,0.819 ,0.927 ,0.006 ,0.013 ,189
,2070,1.931 ,0.013 ,0.091 ,0.002 ,0.290 ,0.769 ,0.893 ,0.010 ,0.016 ,145
,2071,1.927 ,0.009 ,0.094 ,0.005 ,0.225 ,0.797 ,0.941 ,0.007 ,0.016 ,53
,2072,1.945 ,0.009 ,0.075 ,0.004 ,0.225 ,0.780 ,0.952 ,0.009 ,0.015 ,60
,2073,1.935 ,0.009 ,0.088 ,0.003 ,0.219 ,0.803 ,0.934 ,0.007 ,0.018 ,96
,2074,1.927 ,0.010 ,0.092 ,0.005 ,0.224 ,0.798 ,0.941 ,0.007 ,0.017 ,121
,2075,1.944 ,0.011 ,0.076 ,0.003 ,0.273 ,0.766 ,0.915 ,0.008 ,0.013 ,30
,2076,1.924 ,0.011 ,0.092 ,0.004 ,0.233 ,0.823 ,0.915 ,0.005 ,0.015 ,29
,2077,1.926 ,0.012 ,0.100 ,0.004 ,0.285 ,0.768 ,0.895 ,0.009 ,0.020 ,12
,2078,1.932 ,0.013 ,0.091 ,0.004 ,0.289 ,0.764 ,0.891 ,0.010 ,0.018 ,41
,2079,1.877 ,0.019 ,0.169 ,0.001 ,0.262 ,0.855 ,0.817 ,0.007 ,0.025 ,302
,2080,1.874 ,0.020 ,0.163 ,0.000 ,0.262 ,0.850 ,0.835 ,0.008 ,0.024 ,226
,2081,1.891 ,0.017 ,0.150 ,0.000 ,0.275 ,0.816 ,0.844 ,0.008 ,0.025 ,208
,2082,1.884 ,0.019 ,0.159 ,0.000 ,0.270 ,0.831 ,0.835 ,0.007 ,0.022 ,190
,2083,1.877 ,0.019 ,0.175 ,0.000 ,0.277 ,0.820 ,0.832 ,0.006 ,0.020 ,101
,2084,1.906 ,0.016 ,0.112 ,0.000 ,0.257 ,0.844 ,0.871 ,0.007 ,0.013 ,217
,2085,1.880 ,0.017 ,0.146 ,0.001 ,0.263 ,0.852 ,0.850 ,0.007 ,0.023 ,229
,2086,1.899 ,0.015 ,0.121 ,0.000 ,0.260 ,0.840 ,0.869 ,0.008 ,0.023 ,170
,2087,1.801 ,0.069 ,0.253 ,0.001 ,0.222 ,0.909 ,0.721 ,0.004 ,0.044 ,78
,2088,1.786 ,0.070 ,0.277 ,0.001 ,0.230 ,0.915 ,0.696 ,0.005 ,0.048 ,94
,2089,1.761 ,0.072 ,0.315 ,0.004 ,0.232 ,0.895 ,0.700 ,0.004 ,0.044 ,115
,2090,1.791 ,0.062 ,0.277 ,0.002 ,0.235 ,0.905 ,0.707 ,0.004 ,0.046 ,130
,2091,1.750 ,0.063 ,0.326 ,0.001 ,0.218 ,0.902 ,0.738 ,0.003 ,0.047 ,168
,2092,1.758 ,0.077 ,0.308 ,0.000 ,0.228 ,0.912 ,0.697 ,0.004 ,0.050 ,65
,2093,1.763 ,0.078 ,0.298 ,0.001 ,0.224 ,0.920 ,0.703 ,0.003 ,0.040 ,0.001
,2094,1.740 ,0.085 ,0.325 ,0.002 ,0.206 ,0.940 ,0.695 ,0.002 ,0.035 ,0.001
,2095,1.779 ,0.070 ,0.294 ,0.002 ,0.213 ,0.906 ,0.712 ,0.003 ,0.044 ,28
,2096,1.803 ,0.069 ,0.250 ,0.001 ,0.196 ,0.923 ,0.736 ,0.004 ,0.044 ,26
,2097,1.805 ,0.065 ,0.245 ,0.008 ,0.185 ,0.913 ,0.763 ,0.003 ,0.034 ,18
,2098,1.805 ,0.066 ,0.248 ,0.003 ,0.215 ,0.883 ,0.757 ,0.003 ,0.043 ,107
,2099,1.803 ,0.071 ,0.242 ,0.001 ,0.208 ,0.909 ,0.747 ,0.003 ,0.040 ,44
,2100,1.804 ,0.069 ,0.249 ,0.001 ,0.209 ,0.903 ,0.744 ,0.003 ,0.041 ,92
,2101,1.753 ,0.093 ,0.292 ,0.001 ,0.202 ,0.937 ,0.708 ,0.004 ,0.035 ,63
,2102,1.761 ,0.090 ,0.274 ,0.000 ,0.196 ,0.943 ,0.732 ,0.003 ,0.031 ,52
,2103,1.801 ,0.069 ,0.253 ,0.001 ,0.222 ,0.909 ,0.721 ,0.004 ,0.044 ,369
,2104,1.786 ,0.070 ,0.277 ,0.001 ,0.230 ,0.915 ,0.696 ,0.005 ,0.048 ,386
,2105,1.761 ,0.072 ,0.315 ,0.004 ,0.232 ,0.895 ,0.700 ,0.004 ,0.044 ,416
,2106,1.791 ,0.062 ,0.277 ,0.002 ,0.235 ,0.905 ,0.707 ,0.004 ,0.046 ,385
,2107,1.750 ,0.063 ,0.326 ,0.001 ,0.218 ,0.902 ,0.738 ,0.003 ,0.047 ,357
,2108,1.758 ,0.077 ,0.308 ,0.000 ,0.228 ,0.912 ,0.697 ,0.004 ,0.050 ,252
,2109,1.763 ,0.078 ,0.298 ,0.001 ,0.224 ,0.920 ,0.703 ,0.003 ,0.040 ,296
,2110,1.740 ,0.085 ,0.325 ,0.002 ,0.206 ,0.940 ,0.695 ,0.002 ,0.035 ,269
,2111,1.779 ,0.070 ,0.294 ,0.002 ,0.213 ,0.906 ,0.712 ,0.003 ,0.044 ,361
,2112,1.803 ,0.069 ,0.250 ,0.001 ,0.196 ,0.923 ,0.736 ,0.004 ,0.044 ,359
,2113,1.805 ,0.065 ,0.245 ,0.008 ,0.185 ,0.913 ,0.763 ,0.003 ,0.034 ,340
,2114,1.805 ,0.066 ,0.248 ,0.003 ,0.215 ,0.883 ,0.757 ,0.003 ,0.043 ,235
,2115,1.803 ,0.071 ,0.242 ,0.001 ,0.208 ,0.909 ,0.747 ,0.003 ,0.040 ,202
,2116,1.804 ,0.069 ,0.249 ,0.001 ,0.209 ,0.903 ,0.744 ,0.003 ,0.041 ,258
,2117,1.753 ,0.093 ,0.292 ,0.001 ,0.202 ,0.937 ,0.708 ,0.004 ,0.035 ,245
,2118,1.761 ,0.090 ,0.274 ,0.000 ,0.196 ,0.943 ,0.732 ,0.003 ,0.031 ,243
,2119,1.903 ,0.008 ,0.135 ,0.005 ,0.222 ,0.814 ,0.919 ,0.005 ,0.014 ,169
,2120,1.934 ,0.007 ,0.094 ,0.001 ,0.265 ,0.755 ,0.940 ,0.008 ,0.015 ,167
,2121,1.922 ,0.011 ,0.097 ,0.001 ,0.258 ,0.843 ,0.867 ,0.011 ,0.017 ,721
,2122,1.918 ,0.012 ,0.116 ,0.000 ,0.275 ,0.828 ,0.843 ,0.011 ,0.019 ,423
,2123,1.953 ,0.010 ,0.105 ,0.001 ,0.268 ,0.795 ,0.836 ,0.008 ,0.017 ,216
,2124,1.921 ,0.009 ,0.104 ,0.001 ,0.250 ,0.833 ,0.881 ,0.010 ,0.020 ,193
,2125,1.924 ,0.012 ,0.107 ,0.001 ,0.260 ,0.845 ,0.837 ,0.013 ,0.019 ,250
,2126,1.902 ,0.011 ,0.126 ,0.001 ,0.273 ,0.806 ,0.888 ,0.008 ,0.015 ,342
,2127,1.958 ,0.009 ,0.078 ,0.001 ,0.264 ,0.825 ,0.840 ,0.013 ,0.014 ,464
,2128,1.936 ,0.012 ,0.086 ,0.010 ,0.251 ,0.821 ,0.870 ,0.005 ,0.025 ,89 
,2129,1.931 ,0.013 ,0.090 ,0.014 ,0.263 ,0.819 ,0.856 ,0.005 ,0.028 ,70 
,2130,1.928 ,0.012 ,0.092 ,0.010 ,0.255 ,0.816 ,0.877 ,0.006 ,0.025 ,93 
,2131,1.935 ,0.010 ,0.083 ,0.008 ,0.215 ,0.841 ,0.901 ,0.004 ,0.023 ,44 
,2132,1.949 ,0.005 ,0.068 ,0.019 ,0.157 ,0.867 ,0.920 ,0.003 ,0.024 ,214 
,2133,1.928 ,0.011 ,0.117 ,0.003 ,0.257 ,0.814 ,0.848 ,0.006 ,0.031 ,288 
,2134,1.949 ,0.007 ,0.075 ,0.008 ,0.182 ,0.862 ,0.902 ,0.004 ,0.025 ,78 
,2135,1.935 ,0.008 ,0.094 ,0.009 ,0.199 ,0.848 ,0.891 ,0.005 ,0.027 ,84 
,2136,1.944 ,0.013 ,0.098 ,0.010 ,0.262 ,0.829 ,0.815 ,0.006 ,0.022 ,85 
,2137,1.933 ,0.014 ,0.113 ,0.001 ,0.218 ,0.878 ,0.827 ,0.003 ,0.019 ,57 
,2138,1.935 ,0.016 ,0.119 ,0.003 ,0.261 ,0.836 ,0.799 ,0.006 ,0.025 ,116 
,2139,1.939 ,0.019 ,0.108 ,0.000 ,0.266 ,0.833 ,0.804 ,0.006 ,0.022 ,259 
,2140,1.938 ,0.021 ,0.087 ,0.002 ,0.249 ,0.816 ,0.863 ,0.006 ,0.028 ,258 
,2141,1.942 ,0.016 ,0.114 ,0.004 ,0.235 ,0.884 ,0.774 ,0.004 ,0.019 ,183 
,2142,1.933 ,0.016 ,0.122 ,0.000 ,0.256 ,0.839 ,0.807 ,0.006 ,0.019 ,190 
,2143,1.938 ,0.011 ,0.115 ,0.005 ,0.249 ,0.831 ,0.827 ,0.005 ,0.020 ,141 
,2144,1.950 ,0.011 ,0.080 ,0.002 ,0.275 ,0.793 ,0.869 ,0.007 ,0.020 ,88 
,2145,1.942 ,0.009 ,0.098 ,0.004 ,0.224 ,0.848 ,0.856 ,0.004 ,0.024 ,228 
,2146,1.904 ,0.023 ,0.147 ,0.006 ,0.249 ,0.864 ,0.790 ,0.004 ,0.019 ,134 
,2147,1.972 ,0.012 ,0.077 ,0.002 ,0.244 ,0.833 ,0.826 ,0.005 ,0.012 ,251 
,2148,1.918 ,0.015 ,0.126 ,0.002 ,0.228 ,0.915 ,0.784 ,0.003 ,0.018 ,248 
,2149,1.947 ,0.011 ,0.106 ,0.000 ,0.268 ,0.824 ,0.819 ,0.006 ,0.019 ,174 
,2150,1.933 ,0.017 ,0.121 ,0.009 ,0.230 ,0.799 ,0.857 ,0.005 ,0.029 ,159 
,2151,1.950 ,0.010 ,0.109 ,0.021 ,0.183 ,0.798 ,0.890 ,0.005 ,0.018 ,203 
,2152,1.983 ,0.010 ,0.080 ,0.014 ,0.196 ,0.779 ,0.880 ,0.003 ,0.025 ,166 
,2153,1.964 ,0.014 ,0.084 ,0.001 ,0.260 ,0.802 ,0.831 ,0.007 ,0.029 ,305 
,2154,1.990 ,0.004 ,0.074 ,0.012 ,0.149 ,0.865 ,0.848 ,0.005 ,0.028 ,180 
,2155,1.942 ,0.015 ,0.121 ,0.014 ,0.219 ,0.806 ,0.842 ,0.004 ,0.025 ,202 
,2156,1.933 ,0.015 ,0.115 ,0.010 ,0.223 ,0.818 ,0.858 ,0.006 ,0.024 ,162 
,2157,1.926 ,0.013 ,0.139 ,0.012 ,0.230 ,0.816 ,0.825 ,0.006 ,0.032 ,175 
,2158,1.930 ,0.015 ,0.133 ,0.014 ,0.203 ,0.803 ,0.867 ,0.003 ,0.026 ,199 
,2159,1.977 ,0.008 ,0.068 ,0.014 ,0.184 ,0.811 ,0.894 ,0.006 ,0.023 ,226 
,2160,1.954 ,0.013 ,0.107 ,0.009 ,0.227 ,0.808 ,0.839 ,0.005 ,0.026 ,214 
,2161,1.943 ,0.014 ,0.107 ,0.009 ,0.230 ,0.828 ,0.833 ,0.006 ,0.031 ,229 
,2162,1.952 ,0.013 ,0.111 ,0.008 ,0.227 ,0.797 ,0.845 ,0.005 ,0.029 ,243 
,2163,1.953 ,0.011 ,0.126 ,0.016 ,0.205 ,0.827 ,0.806 ,0.006 ,0.027 ,211 
,2164,1.938 ,0.015 ,0.119 ,0.015 ,0.229 ,0.814 ,0.830 ,0.006 ,0.030 ,183 
,2165,1.956 ,0.007 ,0.115 ,0.010 ,0.206 ,0.843 ,0.816 ,0.004 ,0.035 ,153 
,2166,1.954 ,0.008 ,0.105 ,0.022 ,0.176 ,0.834 ,0.861 ,0.004 ,0.021 ,182 
,2167,1.940 ,0.015 ,0.113 ,0.010 ,0.221 ,0.823 ,0.845 ,0.004 ,0.025 ,165 
,2168,1.942 ,0.016 ,0.115 ,0.007 ,0.235 ,0.794 ,0.853 ,0.007 ,0.022 ,171 
,2169,1.906 ,0.020 ,0.144 ,0.009 ,0.236 ,0.826 ,0.837 ,0.006 ,0.026 ,165 
,2170,1.934 ,0.013 ,0.102 ,0.005 ,0.250 ,0.867 ,0.804 ,0.007 ,0.033 ,130 
,2171,1.941 ,0.015 ,0.092 ,0.004 ,0.273 ,0.799 ,0.849 ,0.007 ,0.027 ,227 
,2172,1.941 ,0.013 ,0.102 ,0.007 ,0.243 ,0.850 ,0.813 ,0.006 ,0.027 ,90 
,2173,1.931 ,0.013 ,0.107 ,0.006 ,0.253 ,0.846 ,0.821 ,0.007 ,0.027 ,96 
,2174,1.927 ,0.017 ,0.110 ,0.001 ,0.272 ,0.829 ,0.820 ,0.008 ,0.031 ,120 
,2175,1.938 ,0.015 ,0.099 ,0.000 ,0.263 ,0.848 ,0.809 ,0.008 ,0.026 ,196 
,2176,1.940 ,0.007 ,0.101 ,0.007 ,0.241 ,0.830 ,0.848 ,0.007 ,0.027 ,135 
,2177,1.946 ,0.010 ,0.096 ,0.006 ,0.267 ,0.812 ,0.836 ,0.006 ,0.028 ,107 
,2178,1.934 ,0.016 ,0.101 ,0.001 ,0.261 ,0.862 ,0.800 ,0.003 ,0.032 ,106 
,2179,1.951 ,0.014 ,0.082 ,0.001 ,0.269 ,0.827 ,0.830 ,0.008 ,0.027 ,150 
,2180,1.947 ,0.013 ,0.081 ,0.005 ,0.230 ,0.854 ,0.839 ,0.004 ,0.045 ,122 
,2181,1.931 ,0.014 ,0.101 ,0.006 ,0.260 ,0.852 ,0.812 ,0.007 ,0.030 ,187 
,2182,1.930 ,0.013 ,0.102 ,0.009 ,0.237 ,0.838 ,0.850 ,0.006 ,0.035 ,138 
,2183,1.953 ,0.013 ,0.080 ,0.000 ,0.267 ,0.846 ,0.811 ,0.006 ,0.031 ,90 
,2184,1.938 ,0.014 ,0.107 ,0.006 ,0.239 ,0.854 ,0.815 ,0.006 ,0.029 ,138 
,2185,1.936 ,0.015 ,0.104 ,0.001 ,0.266 ,0.840 ,0.811 ,0.009 ,0.027 ,224 
,2186,1.956 ,0.005 ,0.067 ,0.009 ,0.309 ,0.655 ,0.980 ,0.008 ,0.021 ,171 
,2187,1.947 ,0.011 ,0.086 ,0.007 ,0.246 ,0.844 ,0.835 ,0.006 ,0.028 ,128 
,2188,1.931 ,0.015 ,0.101 ,0.005 ,0.231 ,0.861 ,0.834 ,0.006 ,0.030 ,152 
,2189,1.962 ,0.004 ,0.074 ,0.004 ,0.248 ,0.850 ,0.831 ,0.007 ,0.027 ,206 
,2190,1.957 ,0.011 ,0.093 ,0.010 ,0.212 ,0.837 ,0.834 ,0.009 ,0.033 ,150 
,2191,1.945 ,0.012 ,0.088 ,0.005 ,0.257 ,0.834 ,0.839 ,0.005 ,0.024 ,282 
,2192,1.926 ,0.014 ,0.121 ,0.005 ,0.236 ,0.835 ,0.834 ,0.006 ,0.033 ,191 
,2193,1.940 ,0.012 ,0.108 ,0.006 ,0.221 ,0.866 ,0.814 ,0.005 ,0.031 ,263 
,2194,1.943 ,0.010 ,0.102 ,0.009 ,0.225 ,0.858 ,0.821 ,0.007 ,0.032 ,111 
,2195,1.955 ,0.011 ,0.076 ,0.000 ,0.258 ,0.841 ,0.833 ,0.007 ,0.025 ,117 
,2196,1.934 ,0.010 ,0.106 ,0.007 ,0.244 ,0.839 ,0.837 ,0.008 ,0.031 ,166 
,2197,1.936 ,0.012 ,0.101 ,0.007 ,0.265 ,0.772 ,0.886 ,0.005 ,0.028 ,238 
,2198,1.937 ,0.014 ,0.106 ,0.002 ,0.244 ,0.815 ,0.853 ,0.007 ,0.028 ,144 
,2199,1.961 ,0.011 ,0.097 ,0.011 ,0.243 ,0.844 ,0.789 ,0.006 ,0.027 ,95 
,2200,1.964 ,0.010 ,0.098 ,0.008 ,0.282 ,0.740 ,0.851 ,0.008 ,0.023 ,161 
,2201,1.961 ,0.006 ,0.084 ,0.012 ,0.235 ,0.811 ,0.860 ,0.005 ,0.024 ,108 
,2202,1.972 ,0.010 ,0.082 ,0.005 ,0.246 ,0.829 ,0.816 ,0.006 ,0.018 ,136 
,2203,1.961 ,0.011 ,0.095 ,0.012 ,0.262 ,0.811 ,0.804 ,0.005 ,0.027 ,187 
,2204,1.962 ,0.016 ,0.110 ,0.013 ,0.249 ,0.778 ,0.815 ,0.005 ,0.022 ,153 
,2205,1.956 ,0.006 ,0.073 ,0.005 ,0.239 ,0.824 ,0.874 ,0.007 ,0.023 ,251 
,2206,1.949 ,0.013 ,0.085 ,0.000 ,0.261 ,0.815 ,0.850 ,0.010 ,0.025 ,216 
,2207,1.938 ,0.013 ,0.084 ,0.001 ,0.261 ,0.838 ,0.847 ,0.010 ,0.022 ,144 
,2208,1.960 ,0.004 ,0.070 ,0.014 ,0.219 ,0.840 ,0.862 ,0.005 ,0.031 ,242 
,2209,1.945 ,0.012 ,0.093 ,0.001 ,0.235 ,0.856 ,0.831 ,0.005 ,0.032 ,119 
,2210,1.942 ,0.014 ,0.091 ,0.000 ,0.277 ,0.799 ,0.851 ,0.008 ,0.028 ,211 
,2211,1.933 ,0.014 ,0.105 ,0.004 ,0.266 ,0.824 ,0.825 ,0.010 ,0.032 ,246 
,2212,1.942 ,0.012 ,0.089 ,0.003 ,0.265 ,0.822 ,0.844 ,0.008 ,0.026 ,184 
,2213,1.943 ,0.015 ,0.096 ,0.000 ,0.246 ,0.860 ,0.810 ,0.007 ,0.036 ,212 
,2214,1.943 ,0.004 ,0.095 ,0.004 ,0.202 ,0.854 ,0.882 ,0.005 ,0.021 ,169 
,2215,1.934 ,0.013 ,0.109 ,0.004 ,0.253 ,0.832 ,0.830 ,0.006 ,0.029 ,119 
,2216,1.943 ,0.016 ,0.107 ,0.003 ,0.260 ,0.824 ,0.811 ,0.008 ,0.028 ,192 
,2217,1.938 ,0.014 ,0.103 ,0.003 ,0.264 ,0.815 ,0.840 ,0.005 ,0.030 ,364 
,2218,1.942 ,0.014 ,0.096 ,0.001 ,0.246 ,0.841 ,0.834 ,0.005 ,0.026 ,152 
,2219,1.932 ,0.017 ,0.102 ,0.005 ,0.278 ,0.794 ,0.848 ,0.007 ,0.027 ,249 
,2220,1.930 ,0.009 ,0.121 ,0.009 ,0.180 ,0.835 ,0.891 ,0.004 ,0.029 ,292 
,2221,1.932 ,0.008 ,0.110 ,0.002 ,0.312 ,0.632 ,0.989 ,0.007 ,0.023 ,146 
,2222,1.932 ,0.013 ,0.114 ,0.002 ,0.257 ,0.853 ,0.802 ,0.008 ,0.029 ,149 
,2223,1.929 ,0.019 ,0.105 ,0.002 ,0.273 ,0.810 ,0.840 ,0.007 ,0.028 ,165 
,2224,1.936 ,0.015 ,0.103 ,0.004 ,0.274 ,0.783 ,0.861 ,0.006 ,0.029 ,184 
,2225,1.942 ,0.015 ,0.094 ,0.001 ,0.262 ,0.835 ,0.820 ,0.008 ,0.029 ,142 
,2226,1.939 ,0.015 ,0.087 ,0.000 ,0.276 ,0.823 ,0.834 ,0.007 ,0.032 ,179 
,2227,1.945 ,0.015 ,0.096 ,0.001 ,0.248 ,0.847 ,0.817 ,0.007 ,0.029 ,156 
,2228,1.963 ,0.006 ,0.094 ,0.008 ,0.176 ,0.856 ,0.858 ,0.005 ,0.026 ,165 
,2229,1.988 ,0.006 ,0.079 ,0.010 ,0.268 ,0.772 ,0.815 ,0.008 ,0.028 ,130 
,2230,1.965 ,0.008 ,0.104 ,0.007 ,0.245 ,0.796 ,0.828 ,0.005 ,0.023 ,155 
,2231,1.980 ,0.007 ,0.090 ,0.006 ,0.162 ,0.810 ,0.901 ,0.005 ,0.013 ,99 
,2232,1.981 ,0.009 ,0.078 ,0.010 ,0.269 ,0.744 ,0.858 ,0.006 ,0.019 ,78 
,2233,1.973 ,0.007 ,0.084 ,0.013 ,0.226 ,0.751 ,0.903 ,0.005 ,0.020 ,96 
,2234,1.951 ,0.015 ,0.132 ,0.014 ,0.249 ,0.799 ,0.773 ,0.007 ,0.038 ,121 
,2235,1.969 ,0.006 ,0.098 ,0.010 ,0.162 ,0.839 ,0.874 ,0.003 ,0.020 ,201 
,2236,1.978 ,0.005 ,0.072 ,0.018 ,0.182 ,0.808 ,0.893 ,0.003 ,0.024 ,188 
,2237,1.992 ,0.003 ,0.072 ,0.011 ,0.195 ,0.819 ,0.853 ,0.006 ,0.025 ,100 
,2238,1.985 ,0.003 ,0.072 ,0.019 ,0.197 ,0.802 ,0.869 ,0.005 ,0.023 ,118 
,2239,1.963 ,0.014 ,0.079 ,0.006 ,0.267 ,0.823 ,0.807 ,0.007 ,0.025 ,177 
,2240,1.966 ,0.006 ,0.081 ,0.016 ,0.295 ,0.703 ,0.890 ,0.008 ,0.023 ,210 
,2241,1.970 ,0.007 ,0.086 ,0.017 ,0.199 ,0.840 ,0.830 ,0.006 ,0.030 ,122 
,2242,1.978 ,0.004 ,0.078 ,0.016 ,0.169 ,0.788 ,0.920 ,0.004 ,0.027 ,141 
,2243,1.973 ,0.004 ,0.078 ,0.025 ,0.166 ,0.802 ,0.906 ,0.003 ,0.025 ,121 
,2244,1.983 ,0.006 ,0.066 ,0.012 ,0.209 ,0.822 ,0.857 ,0.005 ,0.024 ,170 
,2245,1.962 ,0.004 ,0.105 ,0.007 ,0.259 ,0.814 ,0.810 ,0.006 ,0.024 ,93 
,2246,1.974 ,0.006 ,0.078 ,0.015 ,0.243 ,0.788 ,0.848 ,0.007 ,0.026 ,112 
,2247,1.961 ,0.005 ,0.101 ,0.013 ,0.203 ,0.798 ,0.880 ,0.005 ,0.023 ,124 
,2248,1.957 ,0.009 ,0.097 ,0.007 ,0.252 ,0.822 ,0.816 ,0.007 ,0.027 ,127 
,2249,1.975 ,0.004 ,0.077 ,0.014 ,0.167 ,0.828 ,0.893 ,0.004 ,0.024 ,130 
,2250,1.951 ,0.009 ,0.134 ,0.003 ,0.211 ,0.822 ,0.823 ,0.004 ,0.025 ,162 
,2251,1.982 ,0.008 ,0.072 ,0.014 ,0.191 ,0.796 ,0.887 ,0.006 ,0.023 ,87 
,2252,1.980 ,0.007 ,0.093 ,0.011 ,0.183 ,0.822 ,0.850 ,0.003 ,0.027 ,135 
,2253,1.977 ,0.007 ,0.081 ,0.012 ,0.259 ,0.805 ,0.810 ,0.007 ,0.023 ,106 
,2254,1.908 ,0.012 ,0.106 ,0.019 ,0.164 ,0.846 ,0.946 ,0.005 ,0.024 ,321 
,2255,1.931 ,0.011 ,0.094 ,0.023 ,0.144 ,0.829 ,0.947 ,0.005 ,0.028 ,379 
,2256,1.954 ,0.007 ,0.057 ,0.015 ,0.134 ,0.820 ,0.995 ,0.008 ,0.025 ,123 
,2257,1.919 ,0.012 ,0.101 ,0.019 ,0.152 ,0.834 ,0.950 ,0.006 ,0.022 ,310 
,2258,1.957 ,0.007 ,0.059 ,0.015 ,0.135 ,0.839 ,0.974 ,0.002 ,0.016 ,379 
,2259,1.953 ,0.007 ,0.059 ,0.014 ,0.150 ,0.825 ,0.982 ,0.004 ,0.020 ,275 
,2260,1.913 ,0.009 ,0.143 ,0.034 ,0.132 ,0.758 ,0.973 ,0.005 ,0.045 ,325 
,2261,1.852 ,0.023 ,0.213 ,0.008 ,0.198 ,0.826 ,0.871 ,0.007 ,0.031 ,574 
,2262,1.963 ,0.006 ,0.047 ,0.021 ,0.137 ,0.776 ,1.028 ,0.003 ,0.034 ,345 
,2263,1.941 ,0.006 ,0.104 ,0.014 ,0.152 ,0.767 ,0.989 ,0.003 ,0.035 ,328 
,2264,1.891326923,0.017306143,0.292981724,0.008504962,0.199129571,0.554937269,0.915019123,0.010315427,0.093227166,98
,2265,1.890458098,0.020058614,0.30184402,0.006609994,0.212055917,0.56632516,0.874661452,0.010115113,0.099704286,410
,2266,1.883620875,0.021132476,0.308150234,0.005920528,0.232335253,0.548985028,0.872049908,0.010608381,0.105183454,290
,2267,1.89348751,0.022656938,0.306594009,0.005242357,0.232032223,0.56278734,0.839194882,0.010172879,0.107459775,181
,2268,1.883673839,0.018749389,0.320750703,0.000840305,0.252944316,0.5699161,0.824199716,0.004900142,0.118044203,0.001
,2269,1.887617535,0.029341569,0.309587408,0.005093376,0.24900824,0.610369646,0.759057117,0.009796171,0.135159981,61
,2270,1.877279805,0.027408592,0.331842681,0.005190799,0.261731261,0.59994671,0.748871973,0.010243234,0.129802448,0.001
,2271,1.869792382,0.039131991,0.337768496,0.005098229,0.271081578,0.647745892,0.665342955,0.009853872,0.161763594,35
,2272,1.868294234,0.036809989,0.342754561,0.000506539,0.28654197,0.62456168,0.686587674,0.004093929,0.160223726,0.001
,2273,1.868333022,0.045664971,0.191154808,0.014852202,0.165388404,0.860504677,0.842180799,0.003431219,0.028291296,0.001
,2274,1.888962464,0.034722258,0.158244032,0.019151986,0.14647285,0.854466849,0.885544971,0.002958133,0.028643612,0.001
,2275,1.931701694,0.018127694,0.107526103,0.026500474,0.11724321,0.864347246,0.911628894,0.001603744,0.026945365,0.001
,2276,1.925902069,0.024241752,0.119334573,0.017549511,0.128410925,0.865746608,0.896296119,0.003118211,0.025685903,0.001
,2277,1.909839189,0.03100595,0.137955463,0.014394646,0.132995306,0.870826003,0.886403093,0.002045175,0.025797622,91
,2278,1.871800151,0.040500008,0.178287679,0.020928862,0.153009646,0.867079718,0.859279451,0.003011235,0.028578777,120
,2279,1.889717505,0.031297231,0.169095913,0.031230907,0.13801295,0.850321868,0.866241646,0.002568492,0.031727955,16
,2280,1.868333022,0.045664971,0.191154808,0.014852202,0.165388404,0.860504677,0.842180799,0.003431219,0.028291296,170
,2281,1.888962464,0.034722258,0.158244032,0.019151986,0.14647285,0.854466849,0.885544971,0.002958133,0.028643612,124
,2282,1.931701694,0.018127694,0.107526103,0.026500474,0.11724321,0.864347246,0.911628894,0.001603744,0.026945365,93
,2283,1.925902069,0.024241752,0.119334573,0.017549511,0.128410925,0.865746608,0.896296119,0.003118211,0.025685903,154
,2284,1.909839189,0.03100595,0.137955463,0.014394646,0.132995306,0.870826003,0.886403093,0.002045175,0.025797622,157
,2285,1.871800151,0.040500008,0.178287679,0.020928862,0.153009646,0.867079718,0.859279451,0.003011235,0.028578777,182
,2286,1.889717505,0.031297231,0.169095913,0.031230907,0.13801295,0.850321868,0.866241646,0.002568492,0.031727955,141
